Residue1,Residue2,Distance
142,157,22.886118
173,157,24.516005
173,157,24.516005
121,136,22.88503
121,136,22.88503
121,130,14.311221
121,86,41.40795
136,142,9.943459
136,142,9.943459
136,130,9.964265
136,157,32.28177
136,76,34.830204
136,63,51.493183
136,157,32.28177
86,121,41.40795
86,77,14.329
86,77,14.329
86,136,21.500652
86,63,34.732563
121,136,22.88503
86,77,14.329
76,63,20.240818
76,63,20.240818
121,136,22.88503
121,136,22.88503
136,142,9.943459
136,130,9.964265
136,157,32.28177
86,77,14.329
86,136,21.500652
151,169,26.889164
151,142,14.311175
121,136,22.88503
121,136,22.88503
77,63,21.49474
136,142,9.943459
136,130,9.964265
136,157,32.28177
86,77,14.329
86,136,21.500652
86,76,15.4289665
86,76,15.4289665
130,136,9.964265
86,77,14.329
86,76,15.4289665
86,77,14.329
