Protein1,LinkPos1,Protein2,LinkPos2
Q16891,640,Q16891,640
Q16891,640,Q16891,640
Q16891,640,Q16891,640
Q16891,640,Q16891,640
Q16891,714,Q16891,726
Q16891,640,Q16891,640
Q16891,640,Q16891,726
Q9NX63,173,Q16891,565
Q16891,726,Q9NX63,203
Q9NX63,189,Q9NX63,203
Q5TGZ0,74,Q16891,726
Q16891,499,Q16891,516
Q16891,499,Q16891,516
Q16891,640,Q16891,640
Q16891,442,Q16891,451
Q16891,442,Q16891,442
Q16891,506,Q16891,516
Q16891,506,Q16891,516
Q5XKP0,77,Q16891,640
Q9NX63,175,Q16891,565
Q9NX63,136,Q16891,499
Q9NX63,136,Q16891,451
Q9NX63,136,Q16891,506
Q9NX63,136,Q16891,516
Q9NX63,136,Q16891,516
Q9NX63,86,Q16891,516
Q16891,451,Q9NX63,63
Q9NX63,142,Q9NX63,157
Q9NX63,173,Q9NX63,157
Q9NX63,173,Q9NX63,157
Q9NX63,175,Q9NX63,157
Q9NX63,121,Q9NX63,121
Q9NX63,121,Q9NX63,77
Q9NX63,121,Q9NX63,136
Q9NX63,121,Q9NX63,130
Q9NX63,121,Q9NX63,86
Q9NX63,45,Q9NX63,45
Q9NX63,45,Q9NX63,63
Q9NX63,45,Q9NX63,63
Q9NX63,77,Q9NX63,45
Q9NX63,77,Q9NX63,77
Q9NX63,77,Q9NX63,77
Q9NX63,77,Q9NX63,37
Q9NX63,77,Q9NX63,45
Q9NX63,136,Q9NX63,45
Q9NX63,136,Q9NX63,136
Q9NX63,136,Q9NX63,136
Q9NX63,136,Q9NX63,142
Q9NX63,136,Q9NX63,142
Q9NX63,136,Q9NX63,130
Q9NX63,136,Q9NX63,157
Q9NX63,136,Q9NX63,76
Q9NX63,136,Q9NX63,63
Q9NX63,136,Q9NX63,136
Q9NX63,136,Q9NX63,157
Q9NX63,142,Q9NX63,142
Q9NX63,86,Q9NX63,121
Q9NX63,86,Q9NX63,45
Q9NX63,86,Q9NX63,77
Q9NX63,86,Q9NX63,77
Q9NX63,86,Q9NX63,136
Q9NX63,86,Q9NX63,86
Q9NX63,86,Q9NX63,37
Q9NX63,86,Q9NX63,45
Q9NX63,86,Q9NX63,37
Q9NX63,86,Q9NX63,86
Q9NX63,86,Q9NX63,63
Q9NX63,121,Q9NX63,136
Q9NX63,37,Q9NX63,45
Q9NX63,37,Q9NX63,37
Q9NX63,37,Q9NX63,63
Q9NX63,37,Q9NX63,63
Q9NX63,37,Q9NX63,45
Q9NX63,37,Q9NX63,63
Q9NX63,86,Q9NX63,77
Q9NX63,86,Q9NX63,86
Q9NX63,157,Q9NX63,157
Q9NX63,76,Q9NX63,63
Q9NX63,76,Q9NX63,63
Q9NX63,63,Q9NX63,63
Q9NX63,63,Q9NX63,63
Q9NX63,63,Q9NX63,63
Q16891,499,Q16891,516
Q16891,640,Q16891,640
Q16891,640,Q16891,675
Q5XKP0,77,Q16891,675
Q9NX63,121,Q16891,499
Q9NX63,136,Q16891,506
Q9NX63,136,Q16891,516
Q9NX63,121,Q9NX63,136
Q9NX63,121,Q9NX63,136
Q9NX63,45,Q9NX63,45
Q9NX63,45,Q9NX63,45
Q9NX63,45,Q9NX63,76
Q9NX63,45,Q9NX63,63
Q9NX63,77,Q9NX63,37
Q9NX63,136,Q9NX63,142
Q9NX63,136,Q9NX63,130
Q9NX63,136,Q9NX63,136
Q9NX63,136,Q9NX63,157
Q9NX63,86,Q9NX63,77
Q9NX63,86,Q9NX63,136
Q9NX63,86,Q9NX63,45
Q5TGZ0,74,Q16891,726
Q16891,640,Q16891,640
Q16891,438,Q16891,451
Q16891,442,Q16891,451
Q16891,442,Q16891,451
Q5XKP0,77,Q16891,640
Q5XKP0,77,Q16891,675
Q9NX63,121,Q16891,499
Q9NX63,136,Q16891,516
Q9NX63,151,Q9NX63,169
Q9NX63,151,Q9NX63,142
Q9NX63,121,Q9NX63,121
Q9NX63,121,Q9NX63,136
Q9NX63,121,Q9NX63,136
Q9NX63,77,Q9NX63,45
Q9NX63,77,Q9NX63,77
Q9NX63,77,Q9NX63,45
Q9NX63,77,Q9NX63,63
Q9NX63,136,Q9NX63,136
Q9NX63,136,Q9NX63,142
Q9NX63,136,Q9NX63,130
Q9NX63,136,Q9NX63,136
Q9NX63,86,Q9NX63,77
Q9NX63,86,Q9NX63,136
Q9NX63,86,Q9NX63,86
Q9NX63,86,Q9NX63,45
Q9NX63,86,Q9NX63,76
Q9NX63,86,Q9NX63,76
Q9NX63,130,Q9NX63,136
Q9NX63,225,Q9NX63,189
Q9NX63,86,Q9NX63,77
Q9NX63,86,Q9NX63,76
Q9NX63,86,Q9NX63,77
Q9NX63,136,Q16891,516
Q9NX63,83,Q9NX63,76
Q9NX63,45,Q9NX63,45
Q9NX63,45,Q9NX63,63
Q9NX63,136,Q9NX63,136
Q9NX63,136,Q9NX63,142
Q9NX63,89,Q9NX63,89
Q9NX63,76,Q9NX63,83
Q16891,516,Q9NX63,136
Q9NX63,89,Q9NX63,83
Q16891,516,Q9NX63,136
Q9NX63,45,Q9NX63,37
Q9NX63,112,Q9NX63,121
Q16891,451,Q16891,442
Q16891,726,Q5TGZ0,74
Q16891,451,Q9NX63,76
Q9NX63,142,Q9NX63,130
Q9NX63,63,Q9NX63,58
Q9NX63,76,Q9NX63,83
Q9NX63,89,Q9NX63,83
Q9NX63,58,Q9NX63,58
Q9NX63,76,Q9NX63,89
Q9NX63,76,Q9NX63,45
Q9NX63,76,Q9NX63,89
Q9NX63,63,Q9NX63,45
Q9NX63,114,Q9NX63,121
Q16891,516,Q9NX63,130
Q9NX63,142,Q9NX63,130
Q9NX63,76,Q9NX63,45
Q9NX63,76,Q9NX63,89
Q9NX63,142,Q9NX63,130
Q16891,451,Q9NX63,76
Q16891,515,Q16891,519
Q16891,515,Q16891,519
Q16891,510,Q16891,519
Q16891,515,Q16891,519
Q16891,508,Q16891,502
Q16891,508,Q16891,504
Q16891,506,Q16891,516
Q9NX63,63,Q9NX63,45
Q9NX63,63,Q9NX63,76
Q9NX63,76,Q9NX63,45
Q9NX63,45,Q9NX63,63
Q9NX63,63,Q16891,467
Q9NX63,63,Q9NX63,45
Q9NX63,136,Q9NX63,142
Q9NX63,83,Q9NX63,76
Q9NX63,76,Q9NX63,45
Q9NX63,37,Q9NX63,63
Q9NX63,86,Q9NX63,89
Q9NX63,45,Q9NX63,63
Q9NX63,136,Q9NX63,135
Q9NX63,121,Q9NX63,119
Q9NX63,76,Q9NX63,79
Q9NX63,83,Q9NX63,86
Q9NX63,205,Q9NX63,201
Q9NX63,136,Q9NX63,130
Q9NX63,113,Q9NX63,119
Q9NX63,136,Q9NX63,142
Q9NX63,142,Q9NX63,135
Q9NX63,76,Q9NX63,83
Q9NX63,37,Q9NX63,45
Q9NX63,165,Q9NX63,173
Q9NX63,77,Q9NX63,86
Q9NX63,76,Q9NX63,86
Q9NX63,37,Q9NX63,24
Q9NX63,45,Q9NX63,24
Q9NX63,37,Q9NX63,63
Q9NX63,45,Q9NX63,76
Q9NX63,45,Q9NX63,86
Q9NX63,136,Q9NX63,89
Q16891,427,Q16891,423
Q16891,438,Q16891,431
Q16891,458,Q16891,451
Q16891,423,Q16891,431
Q16891,458,Q16891,467
Q16891,506,Q16891,516
Q16891,438,Q16891,427
Q16891,423,Q16891,436
Q16891,438,Q16891,423
Q16891,467,Q16891,451
Q16891,431,Q16891,577
Q9NX63,142,Q9NX63,142
Q9NX63,136,Q9NX63,136
Q9NX63,45,Q9NX63,45
Q9NX63,121,Q9NX63,173
Q9NX63,121,Q9NX63,121
Q9NX63,121,Q9NX63,45
Q9NX63,121,Q9NX63,119
Q9NX63,121,Q9NX63,136
Q9NX63,121,Q9NX63,37
Q9NX63,121,Q9NX63,130
Q9NX63,121,Q9NX63,157
Q9NX63,121,Q9NX63,76
Q9NX63,121,Q9NX63,63
Q9NX63,45,Q9NX63,142
Q9NX63,45,Q9NX63,130
Q9NX63,45,Q9NX63,76
Q9NX63,45,Q9NX63,24
Q9NX63,45,Q9NX63,157
Q9NX63,45,Q9NX63,63
Q9NX63,77,Q9NX63,130
Q9NX63,77,Q9NX63,63
Q9NX63,77,Q9NX63,76
Q9NX63,136,Q9NX63,45
Q9NX63,136,Q9NX63,77
Q9NX63,136,Q9NX63,142
Q9NX63,136,Q9NX63,37
Q9NX63,136,Q9NX63,76
Q9NX63,136,Q9NX63,63
Q9NX63,37,Q9NX63,76
Q9NX63,37,Q9NX63,24
Q9NX63,37,Q9NX63,63
Q9NX63,225,Q9NX63,175
Q9NX63,225,Q9NX63,189
Q9NX63,86,Q9NX63,136
Q9NX63,86,Q9NX63,76
Q9NX63,76,Q9NX63,63
Q9NX63,76,Q9NX63,76
