uniprotA,modposA,uniprotB,modposB
MIC27_MOUSE,27,MIC27_MOUSE,33
MIC27_MOUSE,27,MIC19_MOUSE,189
MIC19_MOUSE,121,MIC19_MOUSE,173
MIC19_MOUSE,121,MIC19_MOUSE,121
MIC19_MOUSE,121,MIC19_MOUSE,45
MIC19_MOUSE,121,MIC19_MOUSE,119
MIC19_MOUSE,121,MIC19_MOUSE,136
MIC19_MOUSE,121,MIC19_MOUSE,37
MIC19_MOUSE,121,MIC19_MOUSE,130
MIC19_MOUSE,121,MIC19_MOUSE,157
MIC19_MOUSE,121,MIC19_MOUSE,76
MIC19_MOUSE,121,MIC19_MOUSE,63
MIC19_MOUSE,45,MIC19_MOUSE,142
MIC19_MOUSE,45,MIC19_MOUSE,130
MIC19_MOUSE,45,MIC19_MOUSE,76
MIC19_MOUSE,45,MIC19_MOUSE,24
MIC19_MOUSE,45,MIC19_MOUSE,157
MIC19_MOUSE,45,MIC19_MOUSE,63
MIC19_MOUSE,77,MIC19_MOUSE,37
MIC19_MOUSE,77,MIC19_MOUSE,142
MIC19_MOUSE,77,MIC19_MOUSE,130
MIC19_MOUSE,77,MIC19_MOUSE,63
MIC19_MOUSE,77,MIC19_MOUSE,76
MIC19_MOUSE,136,MIC19_MOUSE,45
MIC19_MOUSE,136,MIC19_MOUSE,77
MIC19_MOUSE,136,MIC19_MOUSE,142
MIC19_MOUSE,136,MIC19_MOUSE,37
MIC19_MOUSE,136,MIC19_MOUSE,130
MIC19_MOUSE,136,MIC19_MOUSE,76
MIC19_MOUSE,136,MIC19_MOUSE,63
MIC19_MOUSE,37,MIC19_MOUSE,76
MIC19_MOUSE,37,MIC19_MOUSE,24
MIC19_MOUSE,37,MIC19_MOUSE,63
MIC19_MOUSE,225,MIC19_MOUSE,175
MIC19_MOUSE,225,MIC19_MOUSE,189
MIC19_MOUSE,86,MIC19_MOUSE,136
MIC19_MOUSE,86,MIC19_MOUSE,76
MIC19_MOUSE,76,MIC19_MOUSE,63
MIC19_MOUSE,76,MIC19_MOUSE,76
MIC19_MOUSE,63,MIC19_MOUSE,63
MIC26_MOUSE,27,MIC19_MOUSE,189
MIC26_MOUSE,192,MIC26_MOUSE,182
MIC60_HUMAN,299,MIC60_HUMAN,343
MIC60_HUMAN,299,MIC60_HUMAN,343
MIC60_HUMAN,299,MIC60_HUMAN,306
MIC60_HUMAN,299,MIC60_HUMAN,306
MIC60_HUMAN,423,MIC60_HUMAN,269
MIC60_HUMAN,344,MIC60_HUMAN,344
MIC60_HUMAN,211,MIC60_HUMAN,222
MIC60_HUMAN,211,MIC60_HUMAN,315
MIC60_HUMAN,211,MIC60_HUMAN,314
MIC60_HUMAN,211,MIC60_HUMAN,315
MIC60_HUMAN,216,MIC60_HUMAN,315
MIC60_HUMAN,216,MIC60_HUMAN,315
MIC60_HUMAN,282,MIC60_HUMAN,286
MIC19_HUMAN,136,MIC60_HUMAN,516
MIC19_HUMAN,83,MIC19_HUMAN,76
MIC19_HUMAN,45,MIC19_HUMAN,45
MIC19_HUMAN,45,MIC19_HUMAN,63
MIC19_HUMAN,136,MIC19_HUMAN,136
MIC19_HUMAN,136,MIC19_HUMAN,142
MIC19_HUMAN,89,MIC19_HUMAN,89
MIC60_YEAST,423,MIC60_YEAST,352
