protein_variant,am_pathogenicity,am_class
M1A,0.5477,Amb
M1C,0.5538,Amb
M1D,0.9555,LPath
M1E,0.8247,LPath
M1F,0.4135,Amb
M1G,0.7456,LPath
M1H,0.8479,LPath
M1I,0.7012,LPath
M1K,0.717,LPath
M1L,0.2498,LBen
M1N,0.8397,LPath
M1P,0.7164,LPath
M1Q,0.5695,LPath
M1R,0.6511,LPath
M1S,0.647,LPath
M1T,0.5635,Amb
M1V,0.1741,LBen
M1W,0.7044,LPath
M1Y,0.7899,LPath
V2A,0.0831,LBen
V2C,0.6999,LPath
V2D,0.3582,Amb
V2E,0.2674,LBen
V2F,0.1668,LBen
V2G,0.0865,LBen
V2H,0.598,LPath
V2I,0.1998,LBen
V2K,0.3662,Amb
V2L,0.3253,LBen
V2M,0.3764,Amb
V2N,0.3178,LBen
V2P,0.1525,LBen
V2Q,0.3366,LBen
V2R,0.2748,LBen
V2S,0.1592,LBen
V2T,0.1765,LBen
V2W,0.7269,LPath
V2Y,0.5326,Amb
A3C,0.3576,Amb
A3D,0.2105,LBen
A3E,0.217,LBen
A3F,0.2916,LBen
A3G,0.094,LBen
A3H,0.3146,LBen
A3I,0.3781,Amb
A3K,0.3654,Amb
A3L,0.2401,LBen
A3M,0.4015,Amb
A3N,0.2105,LBen
A3P,0.07,LBen
A3Q,0.2376,LBen
A3R,0.2788,LBen
A3S,0.0679,LBen
A3T,0.094,LBen
A3V,0.1846,LBen
A3W,0.5537,Amb
A3Y,0.398,Amb
R4A,0.3107,LBen
R4C,0.4605,Amb
R4D,0.5041,Amb
R4E,0.3082,LBen
R4F,0.6645,LPath
R4G,0.1318,LBen
R4H,0.2598,LBen
R4I,0.5474,Amb
R4K,0.1406,LBen
R4L,0.4316,Amb
R4M,0.5748,LPath
R4N,0.5255,Amb
R4P,0.2277,LBen
R4Q,0.174,LBen
R4S,0.3943,Amb
R4T,0.2763,LBen
R4V,0.485,Amb
R4W,0.3536,Amb
R4Y,0.5967,LPath
V5A,0.1228,LBen
V5C,0.5491,Amb
V5D,0.3857,Amb
V5E,0.267,LBen
V5F,0.1247,LBen
V5G,0.0975,LBen
V5H,0.5966,LPath
V5I,0.1234,LBen
V5K,0.456,Amb
V5L,0.2372,LBen
V5M,0.2268,LBen
V5N,0.3202,LBen
V5P,0.2951,LBen
V5Q,0.3624,Amb
V5R,0.4034,Amb
V5S,0.1738,LBen
V5T,0.2041,LBen
V5W,0.5911,LPath
V5Y,0.4647,Amb
W6A,0.3212,LBen
W6C,0.4937,Amb
W6D,0.7937,LPath
W6E,0.7775,LPath
W6F,0.1539,LBen
W6G,0.1571,LBen
W6H,0.7161,LPath
W6I,0.3819,Amb
W6K,0.7973,LPath
W6L,0.1947,LBen
W6M,0.479,Amb
W6N,0.7319,LPath
W6P,0.4773,Amb
W6Q,0.7182,LPath
W6R,0.6843,LPath
W6S,0.2592,LBen
W6T,0.3115,LBen
W6V,0.3116,LBen
W6Y,0.4002,Amb
S7A,0.097,LBen
S7C,0.1748,LBen
S7D,0.401,Amb
S7E,0.4535,Amb
S7F,0.2481,LBen
S7G,0.0998,LBen
S7H,0.3091,LBen
S7I,0.3008,LBen
S7K,0.5513,Amb
S7L,0.2416,LBen
S7M,0.337,LBen
S7N,0.2366,LBen
S7P,0.0584,LBen
S7Q,0.4007,Amb
S7R,0.5535,Amb
S7T,0.1096,LBen
S7V,0.2263,LBen
S7W,0.2615,LBen
S7Y,0.2119,LBen
L8A,0.1833,LBen
L8C,0.3852,Amb
L8D,0.8754,LPath
L8E,0.6634,LPath
L8F,0.1002,LBen
L8G,0.3483,Amb
L8H,0.5485,Amb
L8I,0.1026,LBen
L8K,0.5675,LPath
L8M,0.1086,LBen
L8N,0.7025,LPath
L8P,0.2699,LBen
L8Q,0.4122,Amb
L8R,0.4583,Amb
L8S,0.3537,Amb
L8T,0.2517,LBen
L8V,0.0628,LBen
L8W,0.2212,LBen
L8Y,0.4084,Amb
M9A,0.4044,Amb
M9C,0.5697,LPath
M9D,0.959,LPath
M9E,0.8262,LPath
M9F,0.2103,LBen
M9G,0.4446,Amb
M9H,0.7927,LPath
M9I,0.4834,Amb
M9K,0.6112,LPath
M9L,0.1243,LBen
M9N,0.805,LPath
M9P,0.6293,LPath
M9Q,0.4941,Amb
M9R,0.6156,LPath
M9S,0.4276,Amb
M9T,0.3275,LBen
M9V,0.137,LBen
M9W,0.5066,Amb
M9Y,0.6743,LPath
R10A,0.5697,LPath
R10C,0.5213,Amb
R10D,0.8142,LPath
R10E,0.5755,LPath
R10F,0.7475,LPath
R10G,0.2529,LBen
R10H,0.4381,Amb
R10I,0.5596,Amb
R10K,0.2281,LBen
R10L,0.4198,Amb
R10M,0.5655,LPath
R10N,0.7803,LPath
R10P,0.5537,Amb
R10Q,0.3024,LBen
R10S,0.6746,LPath
R10T,0.5324,Amb
R10V,0.5433,Amb
R10W,0.4165,Amb
R10Y,0.6477,LPath
F11A,0.7961,LPath
F11C,0.5369,Amb
F11D,0.9551,LPath
F11E,0.9684,LPath
F11G,0.8263,LPath
F11H,0.8819,LPath
F11I,0.2767,LBen
F11K,0.9606,LPath
F11L,0.6959,LPath
F11M,0.6009,LPath
F11N,0.8722,LPath
F11P,0.9427,LPath
F11Q,0.9447,LPath
F11R,0.9269,LPath
F11S,0.7919,LPath
F11T,0.781,LPath
F11V,0.2897,LBen
F11W,0.4087,Amb
F11Y,0.2763,LBen
L12A,0.3126,LBen
L12C,0.3877,Amb
L12D,0.9894,LPath
L12E,0.9646,LPath
L12F,0.0991,LBen
L12G,0.6438,LPath
L12H,0.8525,LPath
L12I,0.1339,LBen
L12K,0.9536,LPath
L12M,0.1417,LBen
L12N,0.9489,LPath
L12P,0.7861,LPath
L12Q,0.8425,LPath
L12R,0.8995,LPath
L12S,0.6374,LPath
L12T,0.4774,Amb
L12V,0.0959,LBen
L12W,0.3821,Amb
L12Y,0.6858,LPath
I13A,0.6312,LPath
I13C,0.754,LPath
I13D,0.9874,LPath
I13E,0.9581,LPath
I13F,0.1853,LBen
I13G,0.821,LPath
I13H,0.932,LPath
I13K,0.9145,LPath
I13L,0.0812,LBen
I13M,0.1347,LBen
I13N,0.9007,LPath
I13P,0.8966,LPath
I13Q,0.8938,LPath
I13R,0.881,LPath
I13S,0.7771,LPath
I13T,0.6564,LPath
I13V,0.149,LBen
I13W,0.732,LPath
I13Y,0.7576,LPath
K14A,0.8778,LPath
K14C,0.9428,LPath
K14D,0.9711,LPath
K14E,0.8376,LPath
K14F,0.9716,LPath
K14G,0.8719,LPath
K14H,0.8796,LPath
K14I,0.9061,LPath
K14L,0.8527,LPath
K14M,0.8285,LPath
K14N,0.9594,LPath
K14P,0.8823,LPath
K14Q,0.7133,LPath
K14R,0.236,LBen
K14S,0.9096,LPath
K14T,0.7603,LPath
K14V,0.8921,LPath
K14W,0.9359,LPath
K14Y,0.9265,LPath
G15A,0.1741,LBen
G15C,0.3851,Amb
G15D,0.9524,LPath
G15E,0.9314,LPath
G15F,0.7678,LPath
G15H,0.963,LPath
G15I,0.5112,Amb
G15K,0.9862,LPath
G15L,0.6916,LPath
G15M,0.683,LPath
G15N,0.9079,LPath
G15P,0.977,LPath
G15Q,0.959,LPath
G15R,0.9727,LPath
G15S,0.2371,LBen
G15T,0.2685,LBen
G15V,0.2884,LBen
G15W,0.797,LPath
G15Y,0.8475,LPath
S16A,0.1163,LBen
S16C,0.1749,LBen
S16D,0.9733,LPath
S16E,0.9744,LPath
S16F,0.5705,LPath
S16G,0.0755,LBen
S16H,0.9261,LPath
S16I,0.4028,Amb
S16K,0.991,LPath
S16L,0.3843,Amb
S16M,0.3463,Amb
S16N,0.7463,LPath
S16P,0.7907,LPath
S16Q,0.9549,LPath
S16R,0.9871,LPath
S16T,0.0725,LBen
S16V,0.3139,LBen
S16W,0.7838,LPath
S16Y,0.8128,LPath
V17A,0.3461,Amb
V17C,0.8527,LPath
V17D,0.9786,LPath
V17E,0.9135,LPath
V17F,0.2432,LBen
V17G,0.5314,Amb
V17H,0.9713,LPath
V17I,0.1087,LBen
V17K,0.9303,LPath
V17L,0.1537,LBen
V17M,0.1654,LBen
V17N,0.9579,LPath
V17P,0.937,LPath
V17Q,0.8971,LPath
V17R,0.905,LPath
V17S,0.7771,LPath
V17T,0.5205,Amb
V17W,0.8886,LPath
V17Y,0.8895,LPath
A18C,0.7187,LPath
A18D,0.9782,LPath
A18E,0.9501,LPath
A18F,0.543,Amb
A18G,0.2957,LBen
A18H,0.9703,LPath
A18I,0.4279,Amb
A18K,0.9803,LPath
A18L,0.3341,LBen
A18M,0.4423,Amb
A18N,0.9609,LPath
A18P,0.8618,LPath
A18Q,0.9365,LPath
A18R,0.9507,LPath
A18S,0.3464,Amb
A18T,0.231,LBen
A18V,0.1745,LBen
A18W,0.9306,LPath
A18Y,0.8939,LPath
G19A,0.2235,LBen
G19C,0.5557,Amb
G19D,0.9759,LPath
G19E,0.9487,LPath
G19F,0.8689,LPath
G19H,0.9683,LPath
G19I,0.7583,LPath
G19K,0.9761,LPath
G19L,0.8016,LPath
G19M,0.8322,LPath
G19N,0.9697,LPath
G19P,0.9816,LPath
G19Q,0.949,LPath
G19R,0.9324,LPath
G19S,0.3219,LBen
G19T,0.4741,Amb
G19V,0.5114,Amb
G19W,0.8291,LPath
G19Y,0.939,LPath
G20A,0.1277,LBen
G20C,0.2961,LBen
G20D,0.9526,LPath
G20E,0.903,LPath
G20F,0.7012,LPath
G20H,0.947,LPath
G20I,0.4026,Amb
G20K,0.9696,LPath
G20L,0.5724,LPath
G20M,0.544,Amb
G20N,0.9094,LPath
G20P,0.9711,LPath
G20Q,0.9149,LPath
G20R,0.9393,LPath
G20S,0.1601,LBen
G20T,0.1863,LBen
G20V,0.2058,LBen
G20W,0.7402,LPath
G20Y,0.8482,LPath
A21C,0.552,Amb
A21D,0.9144,LPath
A21E,0.8631,LPath
A21F,0.5731,LPath
A21G,0.24,LBen
A21H,0.9127,LPath
A21I,0.3794,Amb
A21K,0.9394,LPath
A21L,0.3626,Amb
A21M,0.3013,LBen
A21N,0.8128,LPath
A21P,0.8931,LPath
A21Q,0.8477,LPath
A21R,0.907,LPath
A21S,0.1424,LBen
A21T,0.0919,LBen
A21V,0.1358,LBen
A21W,0.9147,LPath
A21Y,0.8775,LPath
V22A,0.2652,LBen
V22C,0.7358,LPath
V22D,0.9394,LPath
V22E,0.9029,LPath
V22F,0.1827,LBen
V22G,0.4626,Amb
V22H,0.9424,LPath
V22I,0.0831,LBen
V22K,0.9306,LPath
V22L,0.1973,LBen
V22M,0.1609,LBen
V22N,0.8368,LPath
V22P,0.9184,LPath
V22Q,0.8788,LPath
V22R,0.8918,LPath
V22S,0.5325,Amb
V22T,0.2724,LBen
V22W,0.8759,LPath
V22Y,0.7771,LPath
Y23A,0.848,LPath
Y23C,0.443,Amb
Y23D,0.9332,LPath
Y23E,0.9792,LPath
Y23F,0.1608,LBen
Y23G,0.8089,LPath
Y23H,0.7422,LPath
Y23I,0.844,LPath
Y23K,0.9748,LPath
Y23L,0.7093,LPath
Y23M,0.8725,LPath
Y23N,0.8405,LPath
Y23P,0.9716,LPath
Y23Q,0.9456,LPath
Y23R,0.9341,LPath
Y23S,0.6573,LPath
Y23T,0.886,LPath
Y23V,0.7298,LPath
Y23W,0.5265,Amb
L24A,0.4624,Amb
L24C,0.6279,LPath
L24D,0.982,LPath
L24E,0.8957,LPath
L24F,0.1462,LBen
L24G,0.812,LPath
L24H,0.7776,LPath
L24I,0.1453,LBen
L24K,0.8615,LPath
L24M,0.1335,LBen
L24N,0.9472,LPath
L24P,0.9093,LPath
L24Q,0.7082,LPath
L24R,0.741,LPath
L24S,0.7799,LPath
L24T,0.5531,Amb
L24V,0.0955,LBen
L24W,0.3248,LBen
L24Y,0.5766,LPath
V25A,0.1784,LBen
V25C,0.779,LPath
V25D,0.9314,LPath
V25E,0.8974,LPath
V25F,0.3804,Amb
V25G,0.3765,Amb
V25H,0.9463,LPath
V25I,0.1708,LBen
V25K,0.9363,LPath
V25L,0.3836,Amb
V25M,0.4634,Amb
V25N,0.8703,LPath
V25P,0.9253,LPath
V25Q,0.8689,LPath
V25R,0.8734,LPath
V25S,0.4682,Amb
V25T,0.41,Amb
V25W,0.9399,LPath
V25Y,0.8721,LPath
Y26A,0.5253,Amb
Y26C,0.1252,LBen
Y26D,0.65,LPath
Y26E,0.7756,LPath
Y26F,0.1696,LBen
Y26G,0.518,Amb
Y26H,0.2157,LBen
Y26I,0.6709,LPath
Y26K,0.6673,LPath
Y26L,0.56,Amb
Y26M,0.6766,LPath
Y26N,0.3949,Amb
Y26P,0.9451,LPath
Y26Q,0.5188,Amb
Y26R,0.4471,Amb
Y26S,0.2714,LBen
Y26T,0.5718,LPath
Y26V,0.4643,Amb
Y26W,0.3432,Amb
D27A,0.7036,LPath
D27C,0.9363,LPath
D27E,0.4105,Amb
D27F,0.9705,LPath
D27G,0.5093,Amb
D27H,0.6267,LPath
D27I,0.9545,LPath
D27K,0.7514,LPath
D27L,0.9418,LPath
D27M,0.976,LPath
D27N,0.3243,LBen
D27P,0.9604,LPath
D27Q,0.5693,LPath
D27R,0.7254,LPath
D27S,0.3028,LBen
D27T,0.7541,LPath
D27V,0.8716,LPath
D27W,0.9824,LPath
D27Y,0.7472,LPath
Q28A,0.4715,Amb
Q28C,0.8882,LPath
Q28D,0.7391,LPath
Q28E,0.1212,LBen
Q28F,0.929,LPath
Q28G,0.4058,Amb
Q28H,0.5794,LPath
Q28I,0.8717,LPath
Q28K,0.2755,LBen
Q28L,0.4812,Amb
Q28M,0.6548,LPath
Q28N,0.5616,Amb
Q28P,0.7838,LPath
Q28R,0.2351,LBen
Q28S,0.4344,Amb
Q28T,0.4698,Amb
Q28V,0.6941,LPath
Q28W,0.8126,LPath
Q28Y,0.7848,LPath
E29A,0.1853,LBen
E29C,0.7506,LPath
E29D,0.0681,LBen
E29F,0.8153,LPath
E29G,0.0893,LBen
E29H,0.346,Amb
E29I,0.7059,LPath
E29K,0.1745,LBen
E29L,0.6015,LPath
E29M,0.6299,LPath
E29N,0.1445,LBen
E29P,0.6463,LPath
E29Q,0.1084,LBen
E29R,0.2605,LBen
E29S,0.1557,LBen
E29T,0.3385,LBen
E29V,0.4628,Amb
E29W,0.8718,LPath
E29Y,0.5609,Amb
L30A,0.8077,LPath
L30C,0.9173,LPath
L30D,0.9702,LPath
L30E,0.9272,LPath
L30F,0.386,Amb
L30G,0.9005,LPath
L30H,0.8956,LPath
L30I,0.2326,LBen
L30K,0.8994,LPath
L30M,0.3047,LBen
L30N,0.9427,LPath
L30P,0.8481,LPath
L30Q,0.8605,LPath
L30R,0.8312,LPath
L30S,0.9399,LPath
L30T,0.8756,LPath
L30V,0.269,LBen
L30W,0.5563,Amb
L30Y,0.7553,LPath
L31A,0.6293,LPath
L31C,0.8373,LPath
L31D,0.972,LPath
L31E,0.9272,LPath
L31F,0.2211,LBen
L31G,0.8414,LPath
L31H,0.8244,LPath
L31I,0.2915,LBen
L31K,0.901,LPath
L31M,0.2848,LBen
L31N,0.9501,LPath
L31P,0.685,LPath
L31Q,0.8052,LPath
L31R,0.7756,LPath
L31S,0.8474,LPath
L31T,0.6306,LPath
L31V,0.3332,LBen
L31W,0.2797,LBen
L31Y,0.7417,LPath
G32A,0.2531,LBen
G32C,0.4142,Amb
G32D,0.5182,Amb
G32E,0.4558,Amb
G32F,0.7202,LPath
G32H,0.6009,LPath
G32I,0.5565,Amb
G32K,0.6459,LPath
G32L,0.5948,LPath
G32M,0.7021,LPath
G32N,0.5974,LPath
G32P,0.8925,LPath
G32Q,0.5253,Amb
G32R,0.5521,Amb
G32S,0.1666,LBen
G32T,0.3785,Amb
G32V,0.4204,Amb
G32W,0.6227,LPath
G32Y,0.6456,LPath
P33A,0.0936,LBen
P33C,0.3233,LBen
P33D,0.184,LBen
P33E,0.1893,LBen
P33F,0.4371,Amb
P33G,0.1545,LBen
P33H,0.138,LBen
P33I,0.4145,Amb
P33K,0.2103,LBen
P33L,0.1832,LBen
P33M,0.3462,Amb
P33N,0.1591,LBen
P33Q,0.1367,LBen
P33R,0.1481,LBen
P33S,0.0635,LBen
P33T,0.0797,LBen
P33V,0.2824,LBen
P33W,0.4612,Amb
P33Y,0.3408,Amb
S34A,0.1528,LBen
S34C,0.3006,LBen
S34D,0.5121,Amb
S34E,0.664,LPath
S34F,0.7202,LPath
S34G,0.0745,LBen
S34H,0.6239,LPath
S34I,0.5875,LPath
S34K,0.8029,LPath
S34L,0.4458,Amb
S34M,0.5399,Amb
S34N,0.3347,LBen
S34P,0.4739,Amb
S34Q,0.6747,LPath
S34R,0.7274,LPath
S34T,0.1473,LBen
S34V,0.5222,Amb
S34W,0.6763,LPath
S34Y,0.6394,LPath
D35A,0.122,LBen
D35C,0.3839,Amb
D35E,0.0889,LBen
D35F,0.429,Amb
D35G,0.1113,LBen
D35H,0.1291,LBen
D35I,0.2639,LBen
D35K,0.1608,LBen
D35L,0.284,LBen
D35M,0.4473,Amb
D35N,0.0844,LBen
D35P,0.3144,LBen
D35Q,0.148,LBen
D35R,0.178,LBen
D35S,0.0847,LBen
D35T,0.1479,LBen
D35V,0.1554,LBen
D35W,0.6336,LPath
D35Y,0.1682,LBen
K36A,0.3321,LBen
K36C,0.7381,LPath
K36D,0.5126,Amb
K36E,0.1636,LBen
K36F,0.781,LPath
K36G,0.4385,Amb
K36H,0.2967,LBen
K36I,0.4133,Amb
K36L,0.4162,Amb
K36M,0.3314,LBen
K36N,0.4328,Amb
K36P,0.73,LPath
K36Q,0.1258,LBen
K36R,0.0845,LBen
K36S,0.3875,Amb
K36T,0.1941,LBen
K36V,0.3507,Amb
K36W,0.7619,LPath
K36Y,0.6157,LPath
S37A,0.1795,LBen
S37C,0.3319,LBen
S37D,0.8391,LPath
S37E,0.8603,LPath
S37F,0.7398,LPath
S37G,0.0785,LBen
S37H,0.7864,LPath
S37I,0.6038,LPath
S37K,0.9297,LPath
S37L,0.5321,Amb
S37M,0.4591,Amb
S37N,0.5334,Amb
S37P,0.7409,LPath
S37Q,0.8126,LPath
S37R,0.9221,LPath
S37T,0.09,LBen
S37V,0.4981,Amb
S37W,0.7577,LPath
S37Y,0.6841,LPath
Q38A,0.1434,LBen
Q38C,0.5468,Amb
Q38D,0.3212,LBen
Q38E,0.0555,LBen
Q38F,0.6132,LPath
Q38G,0.214,LBen
Q38H,0.1916,LBen
Q38I,0.3397,LBen
Q38K,0.0816,LBen
Q38L,0.1448,LBen
Q38M,0.2962,LBen
Q38N,0.2942,LBen
Q38P,0.2917,LBen
Q38R,0.0842,LBen
Q38S,0.198,LBen
Q38T,0.181,LBen
Q38V,0.1844,LBen
Q38W,0.4685,Amb
Q38Y,0.3966,Amb
A39C,0.5448,Amb
A39D,0.1607,LBen
A39E,0.087,LBen
A39F,0.2853,LBen
A39G,0.1615,LBen
A39H,0.3175,LBen
A39I,0.1873,LBen
A39K,0.1747,LBen
A39L,0.1479,LBen
A39M,0.1657,LBen
A39N,0.2119,LBen
A39P,0.5516,Amb
A39Q,0.1585,LBen
A39R,0.1889,LBen
A39S,0.1151,LBen
A39T,0.0968,LBen
A39V,0.0911,LBen
A39W,0.5644,LPath
A39Y,0.3558,Amb
A40C,0.6178,LPath
A40D,0.696,LPath
A40E,0.5621,Amb
A40F,0.288,LBen
A40G,0.2893,LBen
A40H,0.7019,LPath
A40I,0.18,LBen
A40K,0.6823,LPath
A40L,0.1859,LBen
A40M,0.2305,LBen
A40N,0.5649,LPath
A40P,0.6777,LPath
A40Q,0.5649,LPath
A40R,0.5999,LPath
A40S,0.1672,LBen
A40T,0.1198,LBen
A40V,0.0731,LBen
A40W,0.7704,LPath
A40Y,0.5932,LPath
L41A,0.6341,LPath
L41C,0.8669,LPath
L41D,0.9731,LPath
L41E,0.8681,LPath
L41F,0.1886,LBen
L41G,0.8552,LPath
L41H,0.7987,LPath
L41I,0.1876,LBen
L41K,0.7789,LPath
L41M,0.194,LBen
L41N,0.9338,LPath
L41P,0.8055,LPath
L41Q,0.6437,LPath
L41R,0.6372,LPath
L41S,0.8055,LPath
L41T,0.7474,LPath
L41V,0.1897,LBen
L41W,0.3681,Amb
L41Y,0.6423,LPath
Q42A,0.1654,LBen
Q42C,0.3049,LBen
Q42D,0.2959,LBen
Q42E,0.0841,LBen
Q42F,0.498,Amb
Q42G,0.1467,LBen
Q42H,0.1313,LBen
Q42I,0.3141,LBen
Q42K,0.0684,LBen
Q42L,0.1195,LBen
Q42M,0.2543,LBen
Q42N,0.2327,LBen
Q42P,0.3434,Amb
Q42R,0.0641,LBen
Q42S,0.1913,LBen
Q42T,0.1804,LBen
Q42V,0.2031,LBen
Q42W,0.2195,LBen
Q42Y,0.2947,LBen
K43A,0.4138,Amb
K43C,0.8108,LPath
K43D,0.7644,LPath
K43E,0.2841,LBen
K43F,0.8219,LPath
K43G,0.6118,LPath
K43H,0.3642,Amb
K43I,0.4552,Amb
K43L,0.3778,Amb
K43M,0.3153,LBen
K43N,0.6033,LPath
K43P,0.9025,LPath
K43Q,0.1885,LBen
K43R,0.0833,LBen
K43S,0.6206,LPath
K43T,0.3105,LBen
K43V,0.414,Amb
K43W,0.7828,LPath
K43Y,0.6766,LPath
A44C,0.7184,LPath
A44D,0.8643,LPath
A44E,0.7365,LPath
A44F,0.4092,Amb
A44G,0.2999,LBen
A44H,0.8859,LPath
A44I,0.3018,LBen
A44K,0.8757,LPath
A44L,0.2297,LBen
A44M,0.2659,LBen
A44N,0.8155,LPath
A44P,0.7978,LPath
A44Q,0.7771,LPath
A44R,0.8162,LPath
A44S,0.2414,LBen
A44T,0.17,LBen
A44V,0.1123,LBen
A44W,0.8267,LPath
A44Y,0.7154,LPath
G45A,0.076,LBen
G45C,0.2311,LBen
G45D,0.2169,LBen
G45E,0.0678,LBen
G45F,0.5429,Amb
G45H,0.256,LBen
G45I,0.2416,LBen
G45K,0.1087,LBen
G45L,0.2939,LBen
G45M,0.2689,LBen
G45N,0.2343,LBen
G45P,0.702,LPath
G45Q,0.1008,LBen
G45R,0.1093,LBen
G45S,0.0943,LBen
G45T,0.0923,LBen
G45V,0.1358,LBen
G45W,0.2461,LBen
G45Y,0.3435,Amb
E46A,0.1544,LBen
E46C,0.8236,LPath
E46D,0.1464,LBen
E46F,0.7535,LPath
E46G,0.2121,LBen
E46H,0.427,Amb
E46I,0.4164,Amb
E46K,0.1313,LBen
E46L,0.4029,Amb
E46M,0.4293,Amb
E46N,0.2484,LBen
E46P,0.7555,LPath
E46Q,0.1334,LBen
E46R,0.2259,LBen
E46S,0.1991,LBen
E46T,0.2461,LBen
E46V,0.2393,LBen
E46W,0.8622,LPath
E46Y,0.6301,LPath
V47A,0.1063,LBen
V47C,0.7435,LPath
V47D,0.4389,Amb
V47E,0.3574,Amb
V47F,0.2,LBen
V47G,0.2784,LBen
V47H,0.6443,LPath
V47I,0.0921,LBen
V47K,0.445,Amb
V47L,0.2219,LBen
V47M,0.1672,LBen
V47N,0.3784,Amb
V47P,0.7747,LPath
V47Q,0.4526,Amb
V47R,0.4317,Amb
V47S,0.2429,LBen
V47T,0.1695,LBen
V47W,0.771,LPath
V47Y,0.5208,Amb
V48A,0.4113,Amb
V48C,0.8658,LPath
V48D,0.9281,LPath
V48E,0.8877,LPath
V48F,0.1583,LBen
V48G,0.5373,Amb
V48H,0.9381,LPath
V48I,0.0786,LBen
V48K,0.8921,LPath
V48L,0.1855,LBen
V48M,0.2095,LBen
V48N,0.8775,LPath
V48P,0.8641,LPath
V48Q,0.8712,LPath
V48R,0.8701,LPath
V48S,0.6979,LPath
V48T,0.6154,LPath
V48W,0.8413,LPath
V48Y,0.7426,LPath
P49A,0.22,LBen
P49C,0.8155,LPath
P49D,0.7477,LPath
P49E,0.5467,Amb
P49F,0.7263,LPath
P49G,0.4868,Amb
P49H,0.4072,Amb
P49I,0.6639,LPath
P49K,0.5327,Amb
P49L,0.271,LBen
P49M,0.6458,LPath
P49N,0.6731,LPath
P49Q,0.3151,LBen
P49R,0.3794,Amb
P49S,0.2426,LBen
P49T,0.2639,LBen
P49V,0.5234,Amb
P49W,0.8078,LPath
P49Y,0.7098,LPath
P50A,0.0818,LBen
P50C,0.5116,Amb
P50D,0.2165,LBen
P50E,0.1521,LBen
P50F,0.541,Amb
P50G,0.2268,LBen
P50H,0.172,LBen
P50I,0.3774,Amb
P50K,0.1734,LBen
P50L,0.1545,LBen
P50M,0.3248,LBen
P50N,0.2301,LBen
P50Q,0.117,LBen
P50R,0.1361,LBen
P50S,0.1035,LBen
P50T,0.1004,LBen
P50V,0.2208,LBen
P50W,0.5963,LPath
P50Y,0.4294,Amb
A51C,0.832,LPath
A51D,0.7989,LPath
A51E,0.5936,LPath
A51F,0.5364,Amb
A51G,0.3606,Amb
A51H,0.8124,LPath
A51I,0.5196,Amb
A51K,0.7866,LPath
A51L,0.3396,LBen
A51M,0.3786,Amb
A51N,0.7757,LPath
A51P,0.7506,LPath
A51Q,0.6481,LPath
A51R,0.7357,LPath
A51S,0.2028,LBen
A51T,0.1908,LBen
A51V,0.1993,LBen
A51W,0.8863,LPath
A51Y,0.7242,LPath
M52A,0.3375,LBen
M52C,0.7643,LPath
M52D,0.9784,LPath
M52E,0.8984,LPath
M52F,0.2612,LBen
M52G,0.6712,LPath
M52H,0.9281,LPath
M52I,0.2133,LBen
M52K,0.7627,LPath
M52L,0.1133,LBen
M52N,0.9236,LPath
M52P,0.9264,LPath
M52Q,0.7803,LPath
M52R,0.7529,LPath
M52S,0.7053,LPath
M52T,0.3579,Amb
M52V,0.0561,LBen
M52W,0.7014,LPath
M52Y,0.7761,LPath
Y53A,0.3332,LBen
Y53C,0.2073,LBen
Y53D,0.1773,LBen
Y53E,0.2974,LBen
Y53F,0.1756,LBen
Y53G,0.3056,LBen
Y53H,0.1161,LBen
Y53I,0.4842,Amb
Y53K,0.3309,LBen
Y53L,0.3587,Amb
Y53M,0.5324,Amb
Y53N,0.1492,LBen
Y53P,0.7808,LPath
Y53Q,0.2343,LBen
Y53R,0.2283,LBen
Y53S,0.1811,LBen
Y53T,0.373,Amb
Y53V,0.3446,Amb
Y53W,0.4015,Amb
Q54A,0.2629,LBen
Q54C,0.6264,LPath
Q54D,0.2519,LBen
Q54E,0.0684,LBen
Q54F,0.7768,LPath
Q54G,0.2705,LBen
Q54H,0.1613,LBen
Q54I,0.5891,LPath
Q54K,0.099,LBen
Q54L,0.2455,LBen
Q54M,0.4816,Amb
Q54N,0.2297,LBen
Q54P,0.4062,Amb
Q54R,0.0983,LBen
Q54S,0.2344,LBen
Q54T,0.235,LBen
Q54V,0.4069,Amb
Q54W,0.5819,LPath
Q54Y,0.451,Amb
F55A,0.8102,LPath
F55C,0.7167,LPath
F55D,0.9767,LPath
F55E,0.9799,LPath
F55G,0.9093,LPath
F55H,0.9386,LPath
F55I,0.3465,Amb
F55K,0.9834,LPath
F55L,0.7235,LPath
F55M,0.5478,Amb
F55N,0.9579,LPath
F55P,0.9942,LPath
F55Q,0.9689,LPath
F55R,0.965,LPath
F55S,0.8907,LPath
F55T,0.8814,LPath
F55V,0.3462,Amb
F55W,0.4713,Amb
F55Y,0.2394,LBen
S56A,0.175,LBen
S56C,0.1914,LBen
S56D,0.7599,LPath
S56E,0.7495,LPath
S56F,0.6523,LPath
S56G,0.0817,LBen
S56H,0.4893,Amb
S56I,0.4767,Amb
S56K,0.8118,LPath
S56L,0.4538,Amb
S56M,0.4584,Amb
S56N,0.3955,Amb
S56P,0.8416,LPath
S56Q,0.5533,Amb
S56R,0.7443,LPath
S56T,0.1287,LBen
S56V,0.4562,Amb
S56W,0.601,LPath
S56Y,0.5267,Amb
Q57A,0.2542,LBen
Q57C,0.4981,Amb
Q57D,0.1868,LBen
Q57E,0.0652,LBen
Q57F,0.8202,LPath
Q57G,0.2152,LBen
Q57H,0.1595,LBen
Q57I,0.6064,LPath
Q57K,0.0817,LBen
Q57L,0.2284,LBen
Q57M,0.455,Amb
Q57N,0.1677,LBen
Q57P,0.4611,Amb
Q57R,0.09,LBen
Q57S,0.1871,LBen
Q57T,0.2075,LBen
Q57V,0.3983,Amb
Q57W,0.5683,LPath
Q57Y,0.483,Amb
Y58A,0.6158,LPath
Y58C,0.4789,Amb
Y58D,0.5061,Amb
Y58E,0.718,LPath
Y58F,0.1528,LBen
Y58G,0.6958,LPath
Y58H,0.3802,Amb
Y58I,0.5877,LPath
Y58K,0.7498,LPath
Y58L,0.4948,Amb
Y58M,0.5841,LPath
Y58N,0.4633,Amb
Y58P,0.9567,LPath
Y58Q,0.7044,LPath
Y58R,0.6877,LPath
Y58S,0.4885,Amb
Y58T,0.5989,LPath
Y58V,0.4574,Amb
Y58W,0.5221,Amb
V59A,0.4272,Amb
V59C,0.8422,LPath
V59D,0.9619,LPath
V59E,0.8901,LPath
V59F,0.1728,LBen
V59G,0.6809,LPath
V59H,0.936,LPath
V59I,0.1023,LBen
V59K,0.8897,LPath
V59L,0.2324,LBen
V59M,0.1989,LBen
V59N,0.9265,LPath
V59P,0.9446,LPath
V59Q,0.8551,LPath
V59R,0.832,LPath
V59S,0.7648,LPath
V59T,0.662,LPath
V59W,0.8516,LPath
V59Y,0.7596,LPath
C60A,0.2042,LBen
C60D,0.5197,Amb
C60E,0.528,Amb
C60F,0.2502,LBen
C60G,0.1167,LBen
C60H,0.2654,LBen
C60I,0.4937,Amb
C60K,0.4243,Amb
C60L,0.368,Amb
C60M,0.4811,Amb
C60N,0.3245,LBen
C60P,0.8659,LPath
C60Q,0.2602,LBen
C60R,0.1878,LBen
C60S,0.104,LBen
C60T,0.2475,LBen
C60V,0.3957,Amb
C60W,0.4308,Amb
C60Y,0.236,LBen
Q61A,0.1658,LBen
Q61C,0.4681,Amb
Q61D,0.1498,LBen
Q61E,0.061,LBen
Q61F,0.6167,LPath
Q61G,0.1547,LBen
Q61H,0.1418,LBen
Q61I,0.4426,Amb
Q61K,0.0667,LBen
Q61L,0.1709,LBen
Q61M,0.3409,Amb
Q61N,0.1727,LBen
Q61P,0.3018,LBen
Q61R,0.0742,LBen
Q61S,0.1355,LBen
Q61T,0.1644,LBen
Q61V,0.2703,LBen
Q61W,0.3804,Amb
Q61Y,0.3767,Amb
Q62A,0.3891,Amb
Q62C,0.7981,LPath
Q62D,0.6341,LPath
Q62E,0.0969,LBen
Q62F,0.8881,LPath
Q62G,0.4992,Amb
Q62H,0.3427,Amb
Q62I,0.6347,LPath
Q62K,0.1234,LBen
Q62L,0.376,Amb
Q62M,0.5169,Amb
Q62N,0.4187,Amb
Q62P,0.6546,LPath
Q62R,0.1743,LBen
Q62S,0.4221,Amb
Q62T,0.3748,Amb
Q62V,0.4343,Amb
Q62W,0.7582,LPath
Q62Y,0.6566,LPath
T63A,0.1964,LBen
T63C,0.7547,LPath
T63D,0.8124,LPath
T63E,0.6298,LPath
T63F,0.5162,Amb
T63G,0.4456,Amb
T63H,0.573,LPath
T63I,0.4921,Amb
T63K,0.4255,Amb
T63L,0.2128,LBen
T63M,0.1186,LBen
T63N,0.4288,Amb
T63P,0.6266,LPath
T63Q,0.4477,Amb
T63R,0.4191,Amb
T63S,0.267,LBen
T63V,0.3478,Amb
T63W,0.7084,LPath
T63Y,0.6155,LPath
G64A,0.316,LBen
G64C,0.4644,Amb
G64D,0.2753,LBen
G64E,0.3948,Amb
G64F,0.8644,LPath
G64H,0.4715,Amb
G64I,0.7503,LPath
G64K,0.4924,Amb
G64L,0.8004,LPath
G64M,0.7984,LPath
G64N,0.3702,Amb
G64P,0.829,LPath
G64Q,0.405,Amb
G64R,0.3847,Amb
G64S,0.156,LBen
G64T,0.4601,Amb
G64V,0.6099,LPath
G64W,0.7391,LPath
G64Y,0.7249,LPath
L65A,0.5003,Amb
L65C,0.5689,LPath
L65D,0.8482,LPath
L65E,0.5971,LPath
L65F,0.1157,LBen
L65G,0.7055,LPath
L65H,0.4394,Amb
L65I,0.1009,LBen
L65K,0.4507,Amb
L65M,0.1205,LBen
L65N,0.6994,LPath
L65P,0.6173,LPath
L65Q,0.3291,LBen
L65R,0.3645,Amb
L65S,0.6153,LPath
L65T,0.5332,Amb
L65V,0.1281,LBen
L65W,0.1952,LBen
L65Y,0.3808,Amb
Q66A,0.1719,LBen
Q66C,0.412,Amb
Q66D,0.1952,LBen
Q66E,0.0663,LBen
Q66F,0.5687,LPath
Q66G,0.213,LBen
Q66H,0.1224,LBen
Q66I,0.3163,LBen
Q66K,0.0723,LBen
Q66L,0.1569,LBen
Q66M,0.2861,LBen
Q66N,0.1716,LBen
Q66P,0.0918,LBen
Q66R,0.0848,LBen
Q66S,0.1546,LBen
Q66T,0.1435,LBen
Q66V,0.1902,LBen
Q66W,0.3945,Amb
Q66Y,0.3145,LBen
I67A,0.5711,LPath
I67C,0.6964,LPath
I67D,0.7444,LPath
I67E,0.7182,LPath
I67F,0.0906,LBen
I67G,0.6993,LPath
I67H,0.5941,LPath
I67K,0.5235,Amb
I67L,0.0637,LBen
I67M,0.0683,LBen
I67N,0.4192,Amb
I67P,0.4846,Amb
I67Q,0.5542,Amb
I67R,0.4914,Amb
I67S,0.4997,Amb
I67T,0.6324,LPath
I67V,0.1262,LBen
I67W,0.4496,Amb
I67Y,0.3392,LBen
P68A,0.1603,LBen
P68C,0.5278,Amb
P68D,0.4252,Amb
P68E,0.3157,LBen
P68F,0.5905,LPath
P68G,0.3519,Amb
P68H,0.2356,LBen
P68I,0.5083,Amb
P68K,0.3386,LBen
P68L,0.2347,LBen
P68M,0.4766,Amb
P68N,0.3934,Amb
P68Q,0.2045,LBen
P68R,0.2178,LBen
P68S,0.1419,LBen
P68T,0.1621,LBen
P68V,0.3669,Amb
P68W,0.6345,LPath
P68Y,0.4999,Amb
Q69A,0.1909,LBen
Q69C,0.6018,LPath
Q69D,0.261,LBen
Q69E,0.0777,LBen
Q69F,0.6268,LPath
Q69G,0.2622,LBen
Q69H,0.2236,LBen
Q69I,0.3771,Amb
Q69K,0.0857,LBen
Q69L,0.1726,LBen
Q69M,0.3069,LBen
Q69N,0.2613,LBen
Q69P,0.1083,LBen
Q69R,0.1124,LBen
Q69S,0.1796,LBen
Q69T,0.1685,LBen
Q69V,0.2105,LBen
Q69W,0.5462,Amb
Q69Y,0.4634,Amb
L70A,0.6153,LPath
L70C,0.7849,LPath
L70D,0.891,LPath
L70E,0.7735,LPath
L70F,0.1556,LBen
L70G,0.7803,LPath
L70H,0.6602,LPath
L70I,0.0986,LBen
L70K,0.6696,LPath
L70M,0.1501,LBen
L70N,0.7831,LPath
L70P,0.373,Amb
L70Q,0.6054,LPath
L70R,0.6189,LPath
L70S,0.7641,LPath
L70T,0.6643,LPath
L70V,0.1518,LBen
L70W,0.326,LBen
L70Y,0.4977,Amb
P71A,0.2032,LBen
P71C,0.7431,LPath
P71D,0.6486,LPath
P71E,0.4748,Amb
P71F,0.7225,LPath
P71G,0.5389,Amb
P71H,0.3599,Amb
P71I,0.6254,LPath
P71K,0.491,Amb
P71L,0.2677,LBen
P71M,0.5838,LPath
P71N,0.6601,LPath
P71Q,0.3372,LBen
P71R,0.3452,Amb
P71S,0.2743,LBen
P71T,0.2618,LBen
P71V,0.4521,Amb
P71W,0.7752,LPath
P71Y,0.6864,LPath
A72C,0.3525,Amb
A72D,0.1279,LBen
A72E,0.1108,LBen
A72F,0.2352,LBen
A72G,0.1177,LBen
A72H,0.2476,LBen
A72I,0.1733,LBen
A72K,0.184,LBen
A72L,0.1333,LBen
A72M,0.17,LBen
A72N,0.1489,LBen
A72P,0.0827,LBen
A72Q,0.1549,LBen
A72R,0.1986,LBen
A72S,0.0735,LBen
A72T,0.0743,LBen
A72V,0.0949,LBen
A72W,0.5533,Amb
A72Y,0.2957,LBen
P73A,0.0773,LBen
P73C,0.3644,Amb
P73D,0.4826,Amb
P73E,0.2935,LBen
P73F,0.2133,LBen
P73G,0.2771,LBen
P73H,0.1817,LBen
P73I,0.1455,LBen
P73K,0.2749,LBen
P73L,0.0785,LBen
P73M,0.1664,LBen
P73N,0.3353,LBen
P73Q,0.1621,LBen
P73R,0.199,LBen
P73S,0.1114,LBen
P73T,0.0831,LBen
P73V,0.1072,LBen
P73W,0.3775,Amb
P73Y,0.2665,LBen
P74A,0.1618,LBen
P74C,0.6504,LPath
P74D,0.528,Amb
P74E,0.3151,LBen
P74F,0.6679,LPath
P74G,0.401,Amb
P74H,0.3087,LBen
P74I,0.5224,Amb
P74K,0.3417,Amb
P74L,0.23,LBen
P74M,0.4661,Amb
P74N,0.5175,Amb
P74Q,0.2087,LBen
P74R,0.2318,LBen
P74S,0.2066,LBen
P74T,0.2066,LBen
P74V,0.3508,Amb
P74W,0.7258,LPath
P74Y,0.6229,LPath
K75A,0.2527,LBen
K75C,0.6694,LPath
K75D,0.3317,LBen
K75E,0.1285,LBen
K75F,0.7436,LPath
K75G,0.3225,LBen
K75H,0.2597,LBen
K75I,0.4141,Amb
K75L,0.3933,Amb
K75M,0.2803,LBen
K75N,0.263,LBen
K75P,0.3376,LBen
K75Q,0.124,LBen
K75R,0.0941,LBen
K75S,0.2565,LBen
K75T,0.159,LBen
K75V,0.3161,LBen
K75W,0.7603,LPath
K75Y,0.5857,LPath
I76A,0.3513,Amb
I76C,0.4695,Amb
I76D,0.5521,Amb
I76E,0.5431,Amb
I76F,0.0585,LBen
I76G,0.4802,Amb
I76H,0.3879,Amb
I76K,0.41,Amb
I76L,0.0815,LBen
I76M,0.0721,LBen
I76N,0.2504,LBen
I76P,0.4089,Amb
I76Q,0.4134,Amb
I76R,0.3036,LBen
I76S,0.305,LBen
I76T,0.3451,Amb
I76V,0.0992,LBen
I76W,0.3512,Amb
I76Y,0.2232,LBen
Y77A,0.0906,LBen
Y77C,0.0693,LBen
Y77D,0.0466,LBen
Y77E,0.1256,LBen
Y77F,0.1281,LBen
Y77G,0.091,LBen
Y77H,0.0539,LBen
Y77I,0.1368,LBen
Y77K,0.1231,LBen
Y77L,0.1538,LBen
Y77M,0.2391,LBen
Y77N,0.0351,LBen
Y77P,0.1156,LBen
Y77Q,0.1037,LBen
Y77R,0.0879,LBen
Y77S,0.0423,LBen
Y77T,0.0703,LBen
Y77V,0.1108,LBen
Y77W,0.2448,LBen
F78A,0.5562,Amb
F78C,0.4381,Amb
F78D,0.7719,LPath
F78E,0.8097,LPath
F78G,0.7096,LPath
F78H,0.6155,LPath
F78I,0.1428,LBen
F78K,0.8138,LPath
F78L,0.5268,Amb
F78M,0.3809,Amb
F78N,0.6569,LPath
F78P,0.8317,LPath
F78Q,0.7169,LPath
F78R,0.7254,LPath
F78S,0.4401,Amb
F78T,0.5124,Amb
F78V,0.1719,LBen
F78W,0.4752,Amb
F78Y,0.239,LBen
P79A,0.1211,LBen
P79C,0.3281,LBen
P79D,0.2283,LBen
P79E,0.2352,LBen
P79F,0.4866,Amb
P79G,0.2091,LBen
P79H,0.1149,LBen
P79I,0.4681,Amb
P79K,0.2237,LBen
P79L,0.2086,LBen
P79M,0.3939,Amb
P79N,0.1769,LBen
P79Q,0.1401,LBen
P79R,0.1402,LBen
P79S,0.09,LBen
P79T,0.1024,LBen
P79V,0.3273,LBen
P79W,0.4936,Amb
P79Y,0.3427,Amb
I80A,0.4039,Amb
I80C,0.589,LPath
I80D,0.8608,LPath
I80E,0.8234,LPath
I80F,0.0679,LBen
I80G,0.7058,LPath
I80H,0.6974,LPath
I80K,0.7456,LPath
I80L,0.0872,LBen
I80M,0.1134,LBen
I80N,0.6444,LPath
I80P,0.4202,Amb
I80Q,0.6962,LPath
I80R,0.6479,LPath
I80S,0.5639,Amb
I80T,0.5559,Amb
I80V,0.0775,LBen
I80W,0.4978,Amb
I80Y,0.407,Amb
R81A,0.2466,LBen
R81C,0.1064,LBen
R81D,0.396,Amb
R81E,0.2022,LBen
R81F,0.4412,Amb
R81G,0.1283,LBen
R81H,0.0913,LBen
R81I,0.3072,LBen
R81K,0.1125,LBen
R81L,0.2173,LBen
R81M,0.328,LBen
R81N,0.3476,Amb
R81P,0.2865,LBen
R81Q,0.0831,LBen
R81S,0.2507,LBen
R81T,0.1685,LBen
R81V,0.2928,LBen
R81W,0.1437,LBen
R81Y,0.2433,LBen
D82A,0.1858,LBen
D82C,0.5339,Amb
D82E,0.0938,LBen
D82F,0.6197,LPath
D82G,0.1452,LBen
D82H,0.2137,LBen
D82I,0.4323,Amb
D82K,0.2144,LBen
D82L,0.4431,Amb
D82M,0.6002,LPath
D82N,0.1044,LBen
D82P,0.4928,Amb
D82Q,0.2001,LBen
D82R,0.2705,LBen
D82S,0.1242,LBen
D82T,0.2343,LBen
D82V,0.2686,LBen
D82W,0.772,LPath
D82Y,0.2404,LBen
S83A,0.098,LBen
S83C,0.1608,LBen
S83D,0.4862,Amb
S83E,0.5609,Amb
S83F,0.2004,LBen
S83G,0.1285,LBen
S83H,0.3401,Amb
S83I,0.3039,LBen
S83K,0.6384,LPath
S83L,0.1961,LBen
S83M,0.2261,LBen
S83N,0.2601,LBen
S83P,0.4045,Amb
S83Q,0.4893,Amb
S83R,0.6043,LPath
S83T,0.0732,LBen
S83V,0.2298,LBen
S83W,0.2581,LBen
S83Y,0.1458,LBen
W84A,0.9391,LPath
W84C,0.9385,LPath
W84D,0.9943,LPath
W84E,0.9874,LPath
W84F,0.6439,LPath
W84G,0.8245,LPath
W84H,0.976,LPath
W84I,0.9394,LPath
W84K,0.9864,LPath
W84L,0.8173,LPath
W84M,0.9376,LPath
W84N,0.9933,LPath
W84P,0.9856,LPath
W84Q,0.9801,LPath
W84R,0.9657,LPath
W84S,0.9144,LPath
W84T,0.9434,LPath
W84V,0.9105,LPath
W84Y,0.8382,LPath
N85A,0.8254,LPath
N85C,0.8712,LPath
N85D,0.2037,LBen
N85E,0.7173,LPath
N85F,0.9437,LPath
N85G,0.7821,LPath
N85H,0.515,Amb
N85I,0.7537,LPath
N85K,0.7701,LPath
N85L,0.8065,LPath
N85M,0.8063,LPath
N85P,0.9242,LPath
N85Q,0.8296,LPath
N85R,0.8468,LPath
N85S,0.4361,Amb
N85T,0.5741,LPath
N85V,0.7525,LPath
N85W,0.9608,LPath
N85Y,0.6072,LPath
A86C,0.2928,LBen
A86D,0.1393,LBen
A86E,0.1253,LBen
A86F,0.2273,LBen
A86G,0.1148,LBen
A86H,0.2034,LBen
A86I,0.239,LBen
A86K,0.1344,LBen
A86L,0.1471,LBen
A86M,0.1656,LBen
A86N,0.1523,LBen
A86P,0.6568,LPath
A86Q,0.1579,LBen
A86R,0.1617,LBen
A86S,0.0634,LBen
A86T,0.0667,LBen
A86V,0.1236,LBen
A86W,0.368,Amb
A86Y,0.2221,LBen
G87A,0.4104,Amb
G87C,0.7334,LPath
G87D,0.9122,LPath
G87E,0.8588,LPath
G87F,0.9313,LPath
G87H,0.9557,LPath
G87I,0.8746,LPath
G87K,0.9458,LPath
G87L,0.9252,LPath
G87M,0.9129,LPath
G87N,0.9331,LPath
G87P,0.984,LPath
G87Q,0.9045,LPath
G87R,0.9007,LPath
G87S,0.4075,Amb
G87T,0.6916,LPath
G87V,0.7079,LPath
G87W,0.8784,LPath
G87Y,0.9404,LPath
I88A,0.8257,LPath
I88C,0.8251,LPath
I88D,0.9727,LPath
I88E,0.9426,LPath
I88F,0.4792,Amb
I88G,0.9227,LPath
I88H,0.9485,LPath
I88K,0.9003,LPath
I88L,0.2829,LBen
I88M,0.2577,LBen
I88N,0.8156,LPath
I88P,0.9574,LPath
I88Q,0.9167,LPath
I88R,0.8688,LPath
I88S,0.8297,LPath
I88T,0.7789,LPath
I88V,0.0858,LBen
I88W,0.9135,LPath
I88Y,0.8405,LPath
M89A,0.2302,LBen
M89C,0.4296,Amb
M89D,0.4772,Amb
M89E,0.2461,LBen
M89F,0.1916,LBen
M89G,0.3843,Amb
M89H,0.2411,LBen
M89I,0.0822,LBen
M89K,0.1265,LBen
M89L,0.0906,LBen
M89N,0.1879,LBen
M89P,0.7854,LPath
M89Q,0.1457,LBen
M89R,0.125,LBen
M89S,0.2265,LBen
M89T,0.1286,LBen
M89V,0.0701,LBen
M89W,0.4212,Amb
M89Y,0.3248,LBen
T90A,0.0742,LBen
T90C,0.4532,Amb
T90D,0.3464,Amb
T90E,0.2119,LBen
T90F,0.3183,LBen
T90G,0.1713,LBen
T90H,0.1756,LBen
T90I,0.2922,LBen
T90K,0.0747,LBen
T90L,0.1428,LBen
T90M,0.1002,LBen
T90N,0.1496,LBen
T90P,0.4051,Amb
T90Q,0.121,LBen
T90R,0.0797,LBen
T90S,0.0971,LBen
T90V,0.1853,LBen
T90W,0.3935,Amb
T90Y,0.2802,LBen
V91A,0.1658,LBen
V91C,0.7673,LPath
V91D,0.9367,LPath
V91E,0.8494,LPath
V91F,0.1818,LBen
V91G,0.3839,Amb
V91H,0.9409,LPath
V91I,0.1213,LBen
V91K,0.8814,LPath
V91L,0.1826,LBen
V91M,0.1044,LBen
V91N,0.8785,LPath
V91P,0.9325,LPath
V91Q,0.8306,LPath
V91R,0.8482,LPath
V91S,0.4388,Amb
V91T,0.2653,LBen
V91W,0.8585,LPath
V91Y,0.8265,LPath
M92A,0.6851,LPath
M92C,0.8123,LPath
M92D,0.9863,LPath
M92E,0.9451,LPath
M92F,0.2832,LBen
M92G,0.8972,LPath
M92H,0.8975,LPath
M92I,0.4934,Amb
M92K,0.8242,LPath
M92L,0.3136,LBen
M92N,0.8965,LPath
M92P,0.9602,LPath
M92Q,0.7269,LPath
M92R,0.8178,LPath
M92S,0.7238,LPath
M92T,0.5703,LPath
M92V,0.205,LBen
M92W,0.7957,LPath
M92Y,0.806,LPath
S93A,0.0659,LBen
S93C,0.1756,LBen
S93D,0.2693,LBen
S93E,0.2998,LBen
S93F,0.3038,LBen
S93G,0.0976,LBen
S93H,0.2558,LBen
S93I,0.4216,Amb
S93K,0.3851,Amb
S93L,0.1675,LBen
S93M,0.2433,LBen
S93N,0.1936,LBen
S93P,0.748,LPath
S93Q,0.3265,LBen
S93R,0.407,Amb
S93T,0.1052,LBen
S93V,0.2969,LBen
S93W,0.3327,LBen
S93Y,0.1879,LBen
A94C,0.5427,Amb
A94D,0.7486,LPath
A94E,0.6521,LPath
A94F,0.269,LBen
A94G,0.1988,LBen
A94H,0.6449,LPath
A94I,0.4015,Amb
A94K,0.7266,LPath
A94L,0.2831,LBen
A94M,0.2762,LBen
A94N,0.5928,LPath
A94P,0.8731,LPath
A94Q,0.5871,LPath
A94R,0.6432,LPath
A94S,0.1319,LBen
A94T,0.1231,LBen
A94V,0.1743,LBen
A94W,0.7113,LPath
A94Y,0.5337,Amb
L95A,0.7466,LPath
L95C,0.8683,LPath
L95D,0.9933,LPath
L95E,0.9736,LPath
L95F,0.2488,LBen
L95G,0.9506,LPath
L95H,0.9445,LPath
L95I,0.2454,LBen
L95K,0.9633,LPath
L95M,0.2724,LBen
L95N,0.9815,LPath
L95P,0.8764,LPath
L95Q,0.9202,LPath
L95R,0.9124,LPath
L95S,0.9268,LPath
L95T,0.8576,LPath
L95V,0.2552,LBen
L95W,0.6158,LPath
L95Y,0.8642,LPath
S96A,0.1508,LBen
S96C,0.3682,Amb
S96D,0.806,LPath
S96E,0.8058,LPath
S96F,0.721,LPath
S96G,0.2431,LBen
S96H,0.7592,LPath
S96I,0.7633,LPath
S96K,0.9428,LPath
S96L,0.444,Amb
S96M,0.6185,LPath
S96N,0.6947,LPath
S96P,0.8251,LPath
S96Q,0.803,LPath
S96R,0.903,LPath
S96T,0.2632,LBen
S96V,0.6545,LPath
S96W,0.7112,LPath
S96Y,0.6141,LPath
V97A,0.0743,LBen
V97C,0.5243,Amb
V97D,0.1739,LBen
V97E,0.134,LBen
V97F,0.1558,LBen
V97G,0.1668,LBen
V97H,0.3398,LBen
V97I,0.096,LBen
V97K,0.1986,LBen
V97L,0.171,LBen
V97M,0.1097,LBen
V97N,0.1852,LBen
V97P,0.702,LPath
V97Q,0.1724,LBen
V97R,0.1833,LBen
V97S,0.1118,LBen
V97T,0.1122,LBen
V97W,0.6604,LPath
V97Y,0.3983,Amb
A98C,0.7257,LPath
A98D,0.9448,LPath
A98E,0.8931,LPath
A98F,0.3101,LBen
A98G,0.2586,LBen
A98H,0.9244,LPath
A98I,0.2534,LBen
A98K,0.9517,LPath
A98L,0.1567,LBen
A98M,0.2396,LBen
A98N,0.8741,LPath
A98P,0.8125,LPath
A98Q,0.8525,LPath
A98R,0.9177,LPath
A98S,0.213,LBen
A98T,0.1756,LBen
A98V,0.1253,LBen
A98W,0.8792,LPath
A98Y,0.7574,LPath
P99A,0.6188,LPath
P99C,0.9565,LPath
P99D,0.9488,LPath
P99E,0.9227,LPath
P99F,0.9686,LPath
P99G,0.8398,LPath
P99H,0.8288,LPath
P99I,0.9518,LPath
P99K,0.9323,LPath
P99L,0.8039,LPath
P99M,0.9554,LPath
P99N,0.9619,LPath
P99Q,0.8358,LPath
P99R,0.8028,LPath
P99S,0.7033,LPath
P99T,0.6765,LPath
P99V,0.869,LPath
P99W,0.9644,LPath
P99Y,0.9518,LPath
S100A,0.0651,LBen
S100C,0.1563,LBen
S100D,0.2159,LBen
S100E,0.2357,LBen
S100F,0.2264,LBen
S100G,0.0923,LBen
S100H,0.2824,LBen
S100I,0.2176,LBen
S100K,0.3723,Amb
S100L,0.1231,LBen
S100M,0.1848,LBen
S100N,0.1499,LBen
S100P,0.2472,LBen
S100Q,0.2855,LBen
S100R,0.3425,Amb
S100T,0.0627,LBen
S100V,0.1563,LBen
S100W,0.279,LBen
S100Y,0.2032,LBen
K101A,0.3647,Amb
K101C,0.7279,LPath
K101D,0.8171,LPath
K101E,0.2715,LBen
K101F,0.6979,LPath
K101G,0.6284,LPath
K101H,0.3322,LBen
K101I,0.3386,LBen
K101L,0.3036,LBen
K101M,0.1915,LBen
K101N,0.6417,LPath
K101P,0.9274,LPath
K101Q,0.1552,LBen
K101R,0.0765,LBen
K101S,0.5713,LPath
K101T,0.21,LBen
K101V,0.2458,LBen
K101W,0.7131,LPath
K101Y,0.5915,LPath
A102C,0.5681,LPath
A102D,0.8879,LPath
A102E,0.8083,LPath
A102F,0.2813,LBen
A102G,0.2151,LBen
A102H,0.9103,LPath
A102I,0.2031,LBen
A102K,0.9357,LPath
A102L,0.182,LBen
A102M,0.2127,LBen
A102N,0.7927,LPath
A102P,0.8852,LPath
A102Q,0.8272,LPath
A102R,0.8957,LPath
A102S,0.2207,LBen
A102T,0.153,LBen
A102V,0.0978,LBen
A102W,0.79,LPath
A102Y,0.6715,LPath
R103A,0.1282,LBen
R103C,0.0626,LBen
R103D,0.2547,LBen
R103E,0.1609,LBen
R103F,0.14,LBen
R103G,0.0819,LBen
R103H,0.0779,LBen
R103I,0.1479,LBen
R103K,0.0983,LBen
R103L,0.1013,LBen
R103M,0.1588,LBen
R103N,0.1768,LBen
R103P,0.553,Amb
R103Q,0.0707,LBen
R103S,0.1309,LBen
R103T,0.1252,LBen
R103V,0.1353,LBen
R103W,0.0908,LBen
R103Y,0.0964,LBen
E104A,0.101,LBen
E104C,0.6124,LPath
E104D,0.1046,LBen
E104F,0.4982,Amb
E104G,0.1244,LBen
E104H,0.2789,LBen
E104I,0.214,LBen
E104K,0.1337,LBen
E104L,0.224,LBen
E104M,0.2595,LBen
E104N,0.1823,LBen
E104P,0.7546,LPath
E104Q,0.0971,LBen
E104R,0.1877,LBen
E104S,0.1377,LBen
E104T,0.1435,LBen
E104V,0.1413,LBen
E104W,0.6651,LPath
E104Y,0.368,Amb
Y105A,0.8037,LPath
Y105C,0.53,Amb
Y105D,0.7641,LPath
Y105E,0.9305,LPath
Y105F,0.1449,LBen
Y105G,0.8097,LPath
Y105H,0.6633,LPath
Y105I,0.62,LPath
Y105K,0.8975,LPath
Y105L,0.5124,Amb
Y105M,0.6383,LPath
Y105N,0.6409,LPath
Y105P,0.9833,LPath
Y105Q,0.8945,LPath
Y105R,0.868,LPath
Y105S,0.7344,LPath
Y105T,0.8256,LPath
Y105V,0.5834,LPath
Y105W,0.5139,Amb
S106A,0.1204,LBen
S106C,0.2021,LBen
S106D,0.9343,LPath
S106E,0.8971,LPath
S106F,0.555,Amb
S106G,0.1154,LBen
S106H,0.8355,LPath
S106I,0.4734,Amb
S106K,0.9572,LPath
S106L,0.3095,LBen
S106M,0.3508,Amb
S106N,0.6867,LPath
S106P,0.7931,LPath
S106Q,0.849,LPath
S106R,0.9375,LPath
S106T,0.064,LBen
S106V,0.3485,Amb
S106W,0.6523,LPath
S106Y,0.5979,LPath
K107A,0.1502,LBen
K107C,0.3799,Amb
K107D,0.3845,Amb
K107E,0.0947,LBen
K107F,0.4526,Amb
K107G,0.1969,LBen
K107H,0.1905,LBen
K107I,0.1705,LBen
K107L,0.1442,LBen
K107M,0.118,LBen
K107N,0.2445,LBen
K107P,0.759,LPath
K107Q,0.0757,LBen
K107R,0.06,LBen
K107S,0.1953,LBen
K107T,0.1042,LBen
K107V,0.1298,LBen
K107W,0.3801,Amb
K107Y,0.3565,Amb
E108A,0.1026,LBen
E108C,0.7392,LPath
E108D,0.1168,LBen
E108F,0.6025,LPath
E108G,0.1751,LBen
E108H,0.3451,Amb
E108I,0.2938,LBen
E108K,0.1173,LBen
E108L,0.2421,LBen
E108M,0.3213,LBen
E108N,0.2002,LBen
E108P,0.7319,LPath
E108Q,0.1051,LBen
E108R,0.1966,LBen
E108S,0.1665,LBen
E108T,0.18,LBen
E108V,0.1648,LBen
E108W,0.7405,LPath
E108Y,0.4415,Amb
G109A,0.1648,LBen
G109C,0.4335,Amb
G109D,0.894,LPath
G109E,0.8214,LPath
G109F,0.7539,LPath
G109H,0.9286,LPath
G109I,0.4345,Amb
G109K,0.9501,LPath
G109L,0.6432,LPath
G109M,0.6101,LPath
G109N,0.8377,LPath
G109P,0.9804,LPath
G109Q,0.8826,LPath
G109R,0.9168,LPath
G109S,0.2115,LBen
G109T,0.2931,LBen
G109V,0.2757,LBen
G109W,0.7638,LPath
G109Y,0.7684,LPath
W110A,0.5643,LPath
W110C,0.7892,LPath
W110D,0.9631,LPath
W110E,0.8821,LPath
W110F,0.2764,LBen
W110G,0.4387,Amb
W110H,0.8916,LPath
W110I,0.4973,Amb
W110K,0.8624,LPath
W110L,0.3118,LBen
W110M,0.4895,Amb
W110N,0.94,LPath
W110P,0.9727,LPath
W110Q,0.8376,LPath
W110R,0.787,LPath
W110S,0.6202,LPath
W110T,0.6315,LPath
W110V,0.455,Amb
W110Y,0.5118,Amb
E111A,0.1006,LBen
E111C,0.6429,LPath
E111D,0.0983,LBen
E111F,0.5786,LPath
E111G,0.1372,LBen
E111H,0.285,LBen
E111I,0.3228,LBen
E111K,0.1292,LBen
E111L,0.2227,LBen
E111M,0.3066,LBen
E111N,0.1262,LBen
E111P,0.7713,LPath
E111Q,0.1003,LBen
E111R,0.1805,LBen
E111S,0.1448,LBen
E111T,0.1926,LBen
E111V,0.1956,LBen
E111W,0.7047,LPath
E111Y,0.3984,Amb
Y112A,0.5528,Amb
Y112C,0.4274,Amb
Y112D,0.5326,Amb
Y112E,0.7275,LPath
Y112F,0.0871,LBen
Y112G,0.6794,LPath
Y112H,0.4512,Amb
Y112I,0.55,Amb
Y112K,0.7592,LPath
Y112L,0.5519,Amb
Y112M,0.5564,Amb
Y112N,0.4695,Amb
Y112P,0.9724,LPath
Y112Q,0.7307,LPath
Y112R,0.6965,LPath
Y112S,0.5207,Amb
Y112T,0.5914,LPath
Y112V,0.4596,Amb
Y112W,0.4688,Amb
V113A,0.3021,LBen
V113C,0.6719,LPath
V113D,0.9193,LPath
V113E,0.7912,LPath
V113F,0.1498,LBen
V113G,0.4595,Amb
V113H,0.8866,LPath
V113I,0.0791,LBen
V113K,0.8031,LPath
V113L,0.1,LBen
V113M,0.1235,LBen
V113N,0.8497,LPath
V113P,0.8917,LPath
V113Q,0.7183,LPath
V113R,0.7192,LPath
V113S,0.6295,LPath
V113T,0.4745,Amb
V113W,0.6552,LPath
V113Y,0.6472,LPath
K114A,0.2877,LBen
K114C,0.5765,LPath
K114D,0.7437,LPath
K114E,0.2049,LBen
K114F,0.7036,LPath
K114G,0.4525,Amb
K114H,0.3879,Amb
K114I,0.3005,LBen
K114L,0.245,LBen
K114M,0.1806,LBen
K114N,0.527,Amb
K114P,0.8791,LPath
K114Q,0.1271,LBen
K114R,0.0881,LBen
K114S,0.416,Amb
K114T,0.1553,LBen
K114V,0.2384,LBen
K114W,0.7088,LPath
K114Y,0.6153,LPath
A115C,0.3087,LBen
A115D,0.0896,LBen
A115E,0.0501,LBen
A115F,0.2227,LBen
A115G,0.0755,LBen
A115H,0.2114,LBen
A115I,0.1877,LBen
A115K,0.1295,LBen
A115L,0.1228,LBen
A115M,0.1532,LBen
A115N,0.1018,LBen
A115P,0.422,Amb
A115Q,0.0979,LBen
A115R,0.1471,LBen
A115S,0.0691,LBen
A115T,0.0724,LBen
A115V,0.1021,LBen
A115W,0.3688,Amb
A115Y,0.224,LBen
R116A,0.1653,LBen
R116C,0.0863,LBen
R116D,0.3007,LBen
R116E,0.1457,LBen
R116F,0.2335,LBen
R116G,0.1222,LBen
R116H,0.0685,LBen
R116I,0.1727,LBen
R116K,0.0952,LBen
R116L,0.1187,LBen
R116M,0.188,LBen
R116N,0.2106,LBen
R116P,0.3969,Amb
R116Q,0.0682,LBen
R116S,0.195,LBen
R116T,0.1352,LBen
R116V,0.1752,LBen
R116W,0.1139,LBen
R116Y,0.1355,LBen
T117A,0.0709,LBen
T117C,0.2902,LBen
T117D,0.3428,Amb
T117E,0.2423,LBen
T117F,0.186,LBen
T117G,0.1562,LBen
T117H,0.2726,LBen
T117I,0.1009,LBen
T117K,0.2268,LBen
T117L,0.0901,LBen
T117M,0.101,LBen
T117N,0.145,LBen
T117P,0.1609,LBen
T117Q,0.2156,LBen
T117R,0.195,LBen
T117S,0.1085,LBen
T117V,0.0909,LBen
T117W,0.3938,Amb
T117Y,0.249,LBen
K118A,0.407,Amb
K118C,0.6819,LPath
K118D,0.5078,Amb
K118E,0.1215,LBen
K118F,0.8627,LPath
K118G,0.4356,Amb
K118H,0.3769,Amb
K118I,0.5711,LPath
K118L,0.4834,Amb
K118M,0.4003,Amb
K118N,0.4083,Amb
K118P,0.4977,Amb
K118Q,0.1152,LBen
K118R,0.0741,LBen
K118S,0.3543,Amb
K118T,0.2804,LBen
K118V,0.4393,Amb
K118W,0.7945,LPath
K118Y,0.68,LPath
