Protein,Residue,Human_AA,Mouse,LT,CT,All_Species,Identity (%),Species_Residues
MIC10,74,K,Identical,Gap,Variable,Variable,75.0,Danio rerio:K; Homo sapiens:K; Mus musculus:K; Lachancea thermotolerans (strain ATCC 56472 / CBS 6340 / NRRL Y-8284):-; Saccharomyces cerevisiae (strain ATCC 204508 / S288c):-; Chaetomium thermophilum (strain DSM 1495 / CBS 144.50 / IMI 039719):Q; Drosophila melanogaster:-
MIC13,77,Y,Variable,Gap,Variable,Variable,20.0,Saccharomyces cerevisiae [strain ATCC 204508 / S288c]:-; Lachancea thermotolerans [strain ATCC 56472 / CBS 6340 / NRRL Y-8284]:-; Mus musculus:K; Homo sapiens:Y; Danio rerio:E; Drosophila melanogaster:R; Chaetomium thermophilum [strain DSM 1495 / CBS 144.50 / DAOM 24625 / IMI 039719]:S
MIC19,24,K,Identical,Missing,Variable,Variable,50.0,Drosophila mauritiana:G; Homo sapiens:K; Mus musculus:K; Danio rerio:K; Saccharomyces cerevisiae (strain ATCC 204508 / S288c):T; Chaetomium thermophilum (strain DSM 1495 / CBS 144.50 / IMI 039719):P
MIC19,37,K,Identical,Missing,Variable,Variable,50.0,Drosophila mauritiana:K; Homo sapiens:K; Mus musculus:K; Danio rerio:R; Saccharomyces cerevisiae (strain ATCC 204508 / S288c):D; Chaetomium thermophilum (strain DSM 1495 / CBS 144.50 / IMI 039719):E
MIC19,45,K,Identical,Missing,Gap,Variable,66.7,Drosophila mauritiana:-; Homo sapiens:K; Mus musculus:K; Danio rerio:P; Saccharomyces cerevisiae (strain ATCC 204508 / S288c):-; Chaetomium thermophilum (strain DSM 1495 / CBS 144.50 / IMI 039719):-
MIC19,58,S,Identical,Missing,Variable,Variable,50.0,Drosophila mauritiana:S; Homo sapiens:S; Mus musculus:S; Danio rerio:D; Saccharomyces cerevisiae (strain ATCC 204508 / S288c):K; Chaetomium thermophilum (strain DSM 1495 / CBS 144.50 / IMI 039719):N
MIC19,63,K,Identical,Missing,Variable,Variable,33.3,Drosophila mauritiana:E; Homo sapiens:K; Mus musculus:K; Danio rerio:R; Saccharomyces cerevisiae (strain ATCC 204508 / S288c):V; Chaetomium thermophilum (strain DSM 1495 / CBS 144.50 / IMI 039719):S
MIC19,76,K,Identical,Missing,Conserved,Variable,66.7,Drosophila mauritiana:K; Homo sapiens:K; Mus musculus:K; Danio rerio:K; Saccharomyces cerevisiae (strain ATCC 204508 / S288c):N; Chaetomium thermophilum (strain DSM 1495 / CBS 144.50 / IMI 039719):R
MIC19,77,K,Identical,Missing,Variable,Variable,33.3,Drosophila mauritiana:P; Homo sapiens:K; Mus musculus:K; Danio rerio:A; Saccharomyces cerevisiae (strain ATCC 204508 / S288c):L; Chaetomium thermophilum (strain DSM 1495 / CBS 144.50 / IMI 039719):L
MIC19,79,S,Identical,Missing,Variable,Variable,33.3,Drosophila mauritiana:A; Homo sapiens:S; Mus musculus:S; Danio rerio:A; Saccharomyces cerevisiae (strain ATCC 204508 / S288c):V; Chaetomium thermophilum (strain DSM 1495 / CBS 144.50 / IMI 039719):E
MIC19,83,K,Conserved,Missing,Variable,Variable,33.3,Drosophila mauritiana:A; Homo sapiens:K; Mus musculus:R; Danio rerio:A; Saccharomyces cerevisiae (strain ATCC 204508 / S288c):K; Chaetomium thermophilum (strain DSM 1495 / CBS 144.50 / IMI 039719):E
MIC19,86,K,Identical,Missing,Conserved,Variable,50.0,Drosophila mauritiana:P; Homo sapiens:K; Mus musculus:K; Danio rerio:K; Saccharomyces cerevisiae (strain ATCC 204508 / S288c):E; Chaetomium thermophilum (strain DSM 1495 / CBS 144.50 / IMI 039719):R
MIC19,89,K,Conserved,Missing,Variable,Variable,20.0,Drosophila mauritiana:P; Homo sapiens:K; Mus musculus:R; Danio rerio:R; Saccharomyces cerevisiae (strain ATCC 204508 / S288c):-; Chaetomium thermophilum (strain DSM 1495 / CBS 144.50 / IMI 039719):Q
MIC19,112,C,Variable,Missing,Variable,Variable,16.7,Drosophila mauritiana:S; Homo sapiens:C; Mus musculus:S; Danio rerio:S; Saccharomyces cerevisiae (strain ATCC 204508 / S288c):S; Chaetomium thermophilum (strain DSM 1495 / CBS 144.50 / IMI 039719):T
MIC19,113,S,Identical,Missing,Variable,Variable,50.0,Drosophila mauritiana:A; Homo sapiens:S; Mus musculus:S; Danio rerio:A; Saccharomyces cerevisiae (strain ATCC 204508 / S288c):S; Chaetomium thermophilum (strain DSM 1495 / CBS 144.50 / IMI 039719):R
MIC19,114,E,Identical,Missing,Conserved,Variable,50.0,Drosophila mauritiana:A; Homo sapiens:E; Mus musculus:E; Danio rerio:E; Saccharomyces cerevisiae (strain ATCC 204508 / S288c):S; Chaetomium thermophilum (strain DSM 1495 / CBS 144.50 / IMI 039719):Q
MIC19,119,K,Identical,Missing,Gap,Variable,66.7,Drosophila mauritiana:-; Homo sapiens:K; Mus musculus:K; Danio rerio:Q; Saccharomyces cerevisiae (strain ATCC 204508 / S288c):-; Chaetomium thermophilum (strain DSM 1495 / CBS 144.50 / IMI 039719):-
MIC19,121,K,Identical,Missing,Gap,Variable,66.7,Drosophila mauritiana:-; Homo sapiens:K; Mus musculus:K; Danio rerio:Q; Saccharomyces cerevisiae (strain ATCC 204508 / S288c):-; Chaetomium thermophilum (strain DSM 1495 / CBS 144.50 / IMI 039719):-
MIC19,130,K,Identical,Missing,Variable,Variable,40.0,Drosophila mauritiana:-; Homo sapiens:K; Mus musculus:K; Danio rerio:R; Saccharomyces cerevisiae (strain ATCC 204508 / S288c):L; Chaetomium thermophilum (strain DSM 1495 / CBS 144.50 / IMI 039719):L
MIC19,135,K,Conserved,Missing,Variable,Variable,16.7,Drosophila mauritiana:I; Homo sapiens:K; Mus musculus:R; Danio rerio:R; Saccharomyces cerevisiae (strain ATCC 204508 / S288c):T; Chaetomium thermophilum (strain DSM 1495 / CBS 144.50 / IMI 039719):E
MIC19,136,K,Identical,Missing,Variable,Variable,66.7,Drosophila mauritiana:K; Homo sapiens:K; Mus musculus:K; Danio rerio:K; Saccharomyces cerevisiae (strain ATCC 204508 / S288c):L; Chaetomium thermophilum (strain DSM 1495 / CBS 144.50 / IMI 039719):E
MIC19,142,K,Identical,Missing,Conserved,Variable,50.0,Drosophila mauritiana:K; Homo sapiens:K; Mus musculus:K; Danio rerio:R; Saccharomyces cerevisiae (strain ATCC 204508 / S288c):Q; Chaetomium thermophilum (strain DSM 1495 / CBS 144.50 / IMI 039719):R
MIC19,151,R,Identical,Missing,Variable,Variable,60.0,Drosophila mauritiana:N; Homo sapiens:R; Mus musculus:R; Danio rerio:R; Saccharomyces cerevisiae (strain ATCC 204508 / S288c):-; Chaetomium thermophilum (strain DSM 1495 / CBS 144.50 / IMI 039719):S
MIC19,157,R,Conserved,Missing,Gap,Variable,25.0,Drosophila mauritiana:T; Homo sapiens:R; Mus musculus:K; Danio rerio:K; Saccharomyces cerevisiae (strain ATCC 204508 / S288c):-; Chaetomium thermophilum (strain DSM 1495 / CBS 144.50 / IMI 039719):-
MIC19,165,K,Identical,Missing,Gap,Variable,60.0,Drosophila mauritiana:N; Homo sapiens:K; Mus musculus:K; Danio rerio:K; Saccharomyces cerevisiae (strain ATCC 204508 / S288c):G; Chaetomium thermophilum (strain DSM 1495 / CBS 144.50 / IMI 039719):-
MIC19,169,E,Identical,Missing,Gap,Variable,60.0,Drosophila mauritiana:N; Homo sapiens:E; Mus musculus:E; Danio rerio:E; Saccharomyces cerevisiae (strain ATCC 204508 / S288c):K; Chaetomium thermophilum (strain DSM 1495 / CBS 144.50 / IMI 039719):-
MIC19,173,K,Identical,Missing,Gap,Conserved,80.0,Drosophila mauritiana:R; Homo sapiens:K; Mus musculus:K; Danio rerio:K; Saccharomyces cerevisiae (strain ATCC 204508 / S288c):K; Chaetomium thermophilum (strain DSM 1495 / CBS 144.50 / IMI 039719):-
MIC19,175,K,Identical,Missing,Gap,Variable,60.0,Drosophila mauritiana:V; Homo sapiens:K; Mus musculus:K; Danio rerio:K; Saccharomyces cerevisiae (strain ATCC 204508 / S288c):D; Chaetomium thermophilum (strain DSM 1495 / CBS 144.50 / IMI 039719):-
MIC19,189,K,Identical,Missing,Variable,Variable,50.0,Drosophila mauritiana:Q; Homo sapiens:K; Mus musculus:K; Danio rerio:Q; Saccharomyces cerevisiae (strain ATCC 204508 / S288c):K; Chaetomium thermophilum (strain DSM 1495 / CBS 144.50 / IMI 039719):E
MIC19,201,T,Identical,Missing,Conserved,Conserved,66.7,Drosophila mauritiana:T; Homo sapiens:T; Mus musculus:T; Danio rerio:T; Saccharomyces cerevisiae (strain ATCC 204508 / S288c):P; Chaetomium thermophilum (strain DSM 1495 / CBS 144.50 / IMI 039719):P
MIC19,203,K,Variable,Missing,Variable,Variable,33.3,Drosophila mauritiana:K; Homo sapiens:K; Mus musculus:S; Danio rerio:L; Saccharomyces cerevisiae (strain ATCC 204508 / S288c):N; Chaetomium thermophilum (strain DSM 1495 / CBS 144.50 / IMI 039719):N
MIC19,205,S,Identical,Missing,Variable,Variable,50.0,Drosophila mauritiana:M; Homo sapiens:S; Mus musculus:S; Danio rerio:S; Saccharomyces cerevisiae (strain ATCC 204508 / S288c):Y; Chaetomium thermophilum (strain DSM 1495 / CBS 144.50 / IMI 039719):W
MIC19,219,K,Identical,Missing,Variable,Variable,60.0,Drosophila mauritiana:R; Homo sapiens:K; Mus musculus:K; Danio rerio:K; Saccharomyces cerevisiae (strain ATCC 204508 / S288c):-; Chaetomium thermophilum (strain DSM 1495 / CBS 144.50 / IMI 039719):E
MIC19,225,K,Identical,Missing,Identical,Variable,50.0,Drosophila mauritiana:A; Homo sapiens:K; Mus musculus:K; Danio rerio:T; Saccharomyces cerevisiae (strain ATCC 204508 / S288c):M; Chaetomium thermophilum (strain DSM 1495 / CBS 144.50 / IMI 039719):K
MIC60,423,K,Identical,Variable,Variable,Variable,28.6,Saccharomyces cerevisiae (strain ATCC 204508 / S288c):L; Lachancea thermotolerans (strain ATCC 56472 / CBS 6340 / NRRL Y-8284):F; Mus musculus:K; Homo sapiens:K; Danio rerio:R; Drosophila melanogaster:Q; Chaetomium thermophilum (strain DSM 1495 / CBS 144.50 / IMI 039719):A
MIC60,427,K,Identical,Variable,Variable,Variable,28.6,Saccharomyces cerevisiae (strain ATCC 204508 / S288c):V; Lachancea thermotolerans (strain ATCC 56472 / CBS 6340 / NRRL Y-8284):F; Mus musculus:K; Homo sapiens:K; Danio rerio:Q; Drosophila melanogaster:E; Chaetomium thermophilum (strain DSM 1495 / CBS 144.50 / IMI 039719):V
MIC60,431,T,Variable,Variable,Variable,Variable,14.3,Saccharomyces cerevisiae (strain ATCC 204508 / S288c):K; Lachancea thermotolerans (strain ATCC 56472 / CBS 6340 / NRRL Y-8284):K; Mus musculus:E; Homo sapiens:T; Danio rerio:E; Drosophila melanogaster:K; Chaetomium thermophilum (strain DSM 1495 / CBS 144.50 / IMI 039719):I
MIC60,436,K,Identical,Identical,Identical,Variable,71.4,Saccharomyces cerevisiae (strain ATCC 204508 / S288c):K; Lachancea thermotolerans (strain ATCC 56472 / CBS 6340 / NRRL Y-8284):K; Mus musculus:K; Homo sapiens:K; Danio rerio:Q; Drosophila melanogaster:S; Chaetomium thermophilum (strain DSM 1495 / CBS 144.50 / IMI 039719):K
MIC60,438,K,Identical,Variable,Variable,Variable,57.1,Saccharomyces cerevisiae (strain ATCC 204508 / S288c):K; Lachancea thermotolerans (strain ATCC 56472 / CBS 6340 / NRRL Y-8284):S; Mus musculus:K; Homo sapiens:K; Danio rerio:K; Drosophila melanogaster:R; Chaetomium thermophilum (strain DSM 1495 / CBS 144.50 / IMI 039719):A
MIC60,442,K,Identical,Gap,Gap,Variable,50.0,Saccharomyces cerevisiae (strain ATCC 204508 / S288c):-; Lachancea thermotolerans (strain ATCC 56472 / CBS 6340 / NRRL Y-8284):-; Mus musculus:K; Homo sapiens:K; Danio rerio:Q; Drosophila melanogaster:S; Chaetomium thermophilum (strain DSM 1495 / CBS 144.50 / IMI 039719):-
MIC60,451,K,Identical,Variable,Variable,Variable,28.6,Saccharomyces cerevisiae (strain ATCC 204508 / S288c):E; Lachancea thermotolerans (strain ATCC 56472 / CBS 6340 / NRRL Y-8284):S; Mus musculus:K; Homo sapiens:K; Danio rerio:S; Drosophila melanogaster:Y; Chaetomium thermophilum (strain DSM 1495 / CBS 144.50 / IMI 039719):S
MIC60,458,S,Identical,Variable,Variable,Variable,28.6,Saccharomyces cerevisiae (strain ATCC 204508 / S288c):E; Lachancea thermotolerans (strain ATCC 56472 / CBS 6340 / NRRL Y-8284):Q; Mus musculus:S; Homo sapiens:S; Danio rerio:E; Drosophila melanogaster:R; Chaetomium thermophilum (strain DSM 1495 / CBS 144.50 / IMI 039719):Q
MIC60,467,K,Identical,Variable,Variable,Variable,57.1,Saccharomyces cerevisiae (strain ATCC 204508 / S288c):E; Lachancea thermotolerans (strain ATCC 56472 / CBS 6340 / NRRL Y-8284):E; Mus musculus:K; Homo sapiens:K; Danio rerio:K; Drosophila melanogaster:K; Chaetomium thermophilum (strain DSM 1495 / CBS 144.50 / IMI 039719):E
MIC60,499,R,Conserved,Variable,Variable,Variable,14.3,Saccharomyces cerevisiae (strain ATCC 204508 / S288c):S; Lachancea thermotolerans (strain ATCC 56472 / CBS 6340 / NRRL Y-8284):S; Mus musculus:K; Homo sapiens:R; Danio rerio:K; Drosophila melanogaster:A; Chaetomium thermophilum (strain DSM 1495 / CBS 144.50 / IMI 039719):L
MIC60,502,E,Identical,Conserved,Variable,Variable,57.1,Saccharomyces cerevisiae (strain ATCC 204508 / S288c):Q; Lachancea thermotolerans (strain ATCC 56472 / CBS 6340 / NRRL Y-8284):Q; Mus musculus:E; Homo sapiens:E; Danio rerio:E; Drosophila melanogaster:E; Chaetomium thermophilum (strain DSM 1495 / CBS 144.50 / IMI 039719):A
MIC60,504,E,Identical,Identical,Identical,Variable,71.4,Saccharomyces cerevisiae (strain ATCC 204508 / S288c):K; Lachancea thermotolerans (strain ATCC 56472 / CBS 6340 / NRRL Y-8284):E; Mus musculus:E; Homo sapiens:E; Danio rerio:E; Drosophila melanogaster:D; Chaetomium thermophilum (strain DSM 1495 / CBS 144.50 / IMI 039719):E
MIC60,506,K,Identical,Gap,Variable,Variable,40.0,Saccharomyces cerevisiae (strain ATCC 204508 / S288c):-; Lachancea thermotolerans (strain ATCC 56472 / CBS 6340 / NRRL Y-8284):-; Mus musculus:K; Homo sapiens:K; Danio rerio:R; Drosophila melanogaster:T; Chaetomium thermophilum (strain DSM 1495 / CBS 144.50 / IMI 039719):Q
MIC60,508,E,Identical,Identical,Variable,Variable,71.4,Saccharomyces cerevisiae (strain ATCC 204508 / S288c):E; Lachancea thermotolerans (strain ATCC 56472 / CBS 6340 / NRRL Y-8284):E; Mus musculus:E; Homo sapiens:E; Danio rerio:E; Drosophila melanogaster:S; Chaetomium thermophilum (strain DSM 1495 / CBS 144.50 / IMI 039719):H
MIC60,510,E,Identical,Variable,Variable,Variable,28.6,Saccharomyces cerevisiae (strain ATCC 204508 / S288c):N; Lachancea thermotolerans (strain ATCC 56472 / CBS 6340 / NRRL Y-8284):T; Mus musculus:E; Homo sapiens:E; Danio rerio:Q; Drosophila melanogaster:K; Chaetomium thermophilum (strain DSM 1495 / CBS 144.50 / IMI 039719):A
MIC60,515,E,Identical,Identical,Identical,Variable,57.1,Saccharomyces cerevisiae (strain ATCC 204508 / S288c):D; Lachancea thermotolerans (strain ATCC 56472 / CBS 6340 / NRRL Y-8284):E; Mus musculus:E; Homo sapiens:E; Danio rerio:S; Drosophila melanogaster:D; Chaetomium thermophilum (strain DSM 1495 / CBS 144.50 / IMI 039719):E
MIC60,516,K,Identical,Identical,Variable,Variable,85.7,Saccharomyces cerevisiae (strain ATCC 204508 / S288c):K; Lachancea thermotolerans (strain ATCC 56472 / CBS 6340 / NRRL Y-8284):K; Mus musculus:K; Homo sapiens:K; Danio rerio:K; Drosophila melanogaster:K; Chaetomium thermophilum (strain DSM 1495 / CBS 144.50 / IMI 039719):Q
MIC60,519,E,Identical,Conserved,Variable,Variable,42.9,Saccharomyces cerevisiae (strain ATCC 204508 / S288c):K; Lachancea thermotolerans (strain ATCC 56472 / CBS 6340 / NRRL Y-8284):Q; Mus musculus:E; Homo sapiens:E; Danio rerio:E; Drosophila melanogaster:T; Chaetomium thermophilum (strain DSM 1495 / CBS 144.50 / IMI 039719):R
MIC60,565,K,Identical,Variable,Variable,Variable,57.1,Saccharomyces cerevisiae (strain ATCC 204508 / S288c):K; Lachancea thermotolerans (strain ATCC 56472 / CBS 6340 / NRRL Y-8284):T; Mus musculus:K; Homo sapiens:K; Danio rerio:K; Drosophila melanogaster:Q; Chaetomium thermophilum (strain DSM 1495 / CBS 144.50 / IMI 039719):S
MIC60,577,K,Identical,Identical,Conserved,Variable,57.1,Saccharomyces cerevisiae (strain ATCC 204508 / S288c):K; Lachancea thermotolerans (strain ATCC 56472 / CBS 6340 / NRRL Y-8284):K; Mus musculus:K; Homo sapiens:K; Danio rerio:N; Drosophila melanogaster:W; Chaetomium thermophilum (strain DSM 1495 / CBS 144.50 / IMI 039719):R
MIC60,581,K,Identical,Conserved,Variable,Variable,42.9,Saccharomyces cerevisiae (strain ATCC 204508 / S288c):N; Lachancea thermotolerans (strain ATCC 56472 / CBS 6340 / NRRL Y-8284):H; Mus musculus:K; Homo sapiens:K; Danio rerio:K; Drosophila melanogaster:R; Chaetomium thermophilum (strain DSM 1495 / CBS 144.50 / IMI 039719):D
MIC60,640,K,Identical,Identical,Variable,Variable,42.9,Saccharomyces cerevisiae (strain ATCC 204508 / S288c):D; Lachancea thermotolerans (strain ATCC 56472 / CBS 6340 / NRRL Y-8284):K; Mus musculus:K; Homo sapiens:K; Danio rerio:R; Drosophila melanogaster:R; Chaetomium thermophilum (strain DSM 1495 / CBS 144.50 / IMI 039719):N
MIC60,675,K,Identical,Gap,Variable,Variable,40.0,Saccharomyces cerevisiae (strain ATCC 204508 / S288c):-; Lachancea thermotolerans (strain ATCC 56472 / CBS 6340 / NRRL Y-8284):-; Mus musculus:K; Homo sapiens:K; Danio rerio:A; Drosophila melanogaster:I; Chaetomium thermophilum (strain DSM 1495 / CBS 144.50 / IMI 039719):A
MIC60,714,K,Identical,Identical,Variable,Variable,57.1,Saccharomyces cerevisiae (strain ATCC 204508 / S288c):K; Lachancea thermotolerans (strain ATCC 56472 / CBS 6340 / NRRL Y-8284):K; Mus musculus:K; Homo sapiens:K; Danio rerio:R; Drosophila melanogaster:Q; Chaetomium thermophilum (strain DSM 1495 / CBS 144.50 / IMI 039719):T
MIC60,726,K,Identical,Variable,Variable,Variable,57.1,Saccharomyces cerevisiae (strain ATCC 204508 / S288c):E; Lachancea thermotolerans (strain ATCC 56472 / CBS 6340 / NRRL Y-8284):Q; Mus musculus:K; Homo sapiens:K; Danio rerio:K; Drosophila melanogaster:K; Chaetomium thermophilum (strain DSM 1495 / CBS 144.50 / IMI 039719):A
