Protein,Residue,Human_AA,Status,Identity (%),Species_Residues
MIC10,74,K,Conserved,0,Homo sapiens:K; Chaetomium thermophilum:Q
MIC19,37,K,Conserved,0,Homo sapiens:K; Chaetomium thermophilum:E
MIC19,45,K,Gap,0,Homo sapiens:K; Chaetomium thermophilum:-
MIC19,58,S,Variable,0,Homo sapiens:S; Chaetomium thermophilum:N
MIC19,63,K,Variable,0,Homo sapiens:K; Chaetomium thermophilum:S
MIC19,76,K,Conserved,0,Homo sapiens:K; Chaetomium thermophilum:R
MIC19,83,K,Conserved,0,Homo sapiens:K; Chaetomium thermophilum:E
MIC19,89,K,Conserved,0,Homo sapiens:K; Chaetomium thermophilum:Q
MIC19,114,E,Conserved,0,Homo sapiens:E; Chaetomium thermophilum:Q
MIC19,121,K,Gap,0,Homo sapiens:K; Chaetomium thermophilum:-
MIC19,130,K,Variable,0,Homo sapiens:K; Chaetomium thermophilum:L
MIC19,136,K,Conserved,0,Homo sapiens:K; Chaetomium thermophilum:E
MIC19,142,K,Conserved,0,Homo sapiens:K; Chaetomium thermophilum:R
MIC60,442,K,Gap,0,Homo sapiens:K; Chaetomium thermophilum:-
MIC60,451,K,Variable,0,Homo sapiens:K; Chaetomium thermophilum:S
MIC60,467,K,Conserved,0,Homo sapiens:K; Chaetomium thermophilum:E
MIC60,502,E,Variable,0,Homo sapiens:E; Chaetomium thermophilum:A
MIC60,504,E,Identical,100,Homo sapiens:E; Chaetomium thermophilum:E
MIC60,508,E,Variable,0,Homo sapiens:E; Chaetomium thermophilum:H
MIC60,510,E,Variable,0,Homo sapiens:E; Chaetomium thermophilum:A
MIC60,515,E,Identical,100,Homo sapiens:E; Chaetomium thermophilum:E
MIC60,516,K,Conserved,0,Homo sapiens:K; Chaetomium thermophilum:Q
MIC60,519,E,Variable,0,Homo sapiens:E; Chaetomium thermophilum:R
MIC60,726,K,Variable,0,Homo sapiens:K; Chaetomium thermophilum:A
