Protein1,Region1,Protein2,Region2
MIC13,81-85,MIC10,1-78
MIC13,96,MIC60,647
MIC13,96,MIC60,652
MIC13,99,MIC60,656
MIC13,96,MIC60,657
MIC13,95-96,MIC60,660
MIC13,92,MIC60,660-661
MIC13,92,MIC60,663-664
MIC13,88-89,MIC60,664
MIC13,88,MIC60,667-668
MIC13,88-89,MIC60,668
MIC13,85,MIC60,668-669
MIC13,81,MIC60,669
MIC13,84-85,MIC60,669
MIC13,85,MIC60,688
MIC10,3,MIC60,637-638
MIC10,3,MIC60,641
MIC10,6,MIC60,641
MIC10,6,MIC60,645
MIC10,66,MIC60,650
MIC10,62-63,MIC60,653
MIC10,63,MIC60,653-654
MIC10,62,MIC60,655
MIC10,62,MIC60,658
MIC10,65,MIC60,719
MIC10,2,MIC60,719-724
MIC10,2-3,MIC60,720-721
MIC10,1-3,MIC60,723
MIC10,2-3,MIC60,723-724
