Protein1,Residue1,Protein2,Residue2,Minimum distance
MIC19,136,MIC60,499,12.589928096093564
MIC19,173,MIC19,157,11.066037129220438
MIC19,45,MIC19,63,7.411905838805222
MIC19,77,MIC19,45,8.288726221729641
MIC19,136,MIC19,136,0.0
MIC19,86,MIC19,77,7.708705724960581
MIC19,86,MIC19,37,9.774689977166958
MIC19,121,MIC19,136,10.445333361181712
MIC19,121,MIC19,136,10.445333361181712
MIC19,77,MIC19,45,8.288726221729641
MIC19,77,MIC19,77,0.0
MIC19,136,MIC19,130,6.646089547411294
MIC19,86,MIC19,77,7.708705724960581
MIC19,136,MIC19,37,70.95830207827241
