MIC60,299,MIC60,306,42
MIC60,640,MIC60,640,42
MIC60,270,MIC60,282,42
MIC60,299,MIC60,353,42
MIC60,299,MIC60,306,42
MIC60,640,MIC60,640,42
MIC60,270,MIC60,282,42
MIC60,270,MIC60,282,42
MIC60,211,MIC60,314,42
MIC60,299,MIC60,306,42
MIC60,640,MIC60,640,42
MIC60,270,MIC60,282,42
MIC60,270,MIC60,353,42
MICA2_HUMAN,853,MICA2_HUMAN,853,42
MIC60,640,MIC60,640,42
MIC60,270,MIC60,353,42
MIC60,640,MIC60,640,42
MIC60,299,MIC60,306,42
MIC60,315,MIC60,211,42
MIC60,282,MIC60,286,42
MIC19,83,MIC19,76,42
MIC60,299,MIC60,306,30
MIC60,640,MIC60,640,30
MIC60,110,MIC60,110,30
MIC60,282,MIC60,286,30
MIC19,173,MIC60,565,30
MIC60,299,MIC60,343,30
MIC60,299,MIC60,343,30
MIC60,299,MIC60,306,30
MIC60,299,MIC60,306,30
MIC60,423,MIC60,269,30
MIC60,344,MIC60,344,30
MIC60,211,MIC60,222,30
MIC60,211,MIC60,315,30
MIC60,211,MIC60,314,30
MIC60,211,MIC60,315,30
MIC60,216,MIC60,315,30
MIC60,216,MIC60,315,30
MIC60,282,MIC60,286,30
MIC19,136,MIC60,516,30
MIC19,83,MIC19,76,30
MIC19,45,MIC19,45,30
MIC19,45,MIC19,63,30
MIC19,136,MIC19,136,30
MIC19,136,MIC19,142,30
MIC19,89,MIC19,89,30
MIC60,714,MIC60,726,30
MIC60,640,MIC60,640,30
MIC60,640,MIC60,726,30
MIC60,270,MIC60,282,30
MIC60,270,MIC60,353,30
MIC19,173,MIC60,565,30
MIC60,714,MIC19,203,30
MIC60,726,MIC19,203,30
MIC19,189,MIC19,203,30
