MIC19_HUMAN,136,MIC60_HUMAN,516,MangoNuclear2018_Bruce
MIC19_HUMAN,173,MIC60_HUMAN,565,iqPIR_HeLa_17AAG_Chavez2020_Bruce
MIC60_HUMAN,714,MIC19_HUMAN,203,iqPIR_HeLa_17AAG_Chavez2020_Bruce
MIC60_HUMAN,726,MIC19_HUMAN,203,iqPIR_HeLa_17AAG_Chavez2020_Bruce
MIC27_MOUSE,27,MIC19_MOUSE,189,Liu2017MCPmousemito_Heck
MIC19_MOUSE,175,MIC60_MOUSE,564,1
MIC19_MOUSE,121,MIC60_MOUSE,498,ChavezCellSystems2017_BruceLab
MIC19_MOUSE,136,MIC60_MOUSE,498,1
MIC19_MOUSE,136,MIC60_MOUSE,450,1
MIC19_MOUSE,136,MIC60_MOUSE,505,1
MIC19_MOUSE,136,MIC60_MOUSE,515,1
MIC19_MOUSE,136,MIC60_MOUSE,515,Caudal_iqPIR_TACsham_Bruce
MIC19_MOUSE,136,MIC60_MOUSE,515,SchweppemousemitoPNAS2017_BruceLab
MIC19_MOUSE,86,MIC60_MOUSE,515,1
MIC60_MOUSE,450,MIC19_MOUSE,63,1
MIC25_MOUSE,203,MIC19_MOUSE,142,SchweppemousemitoPNAS2017_BruceLab
MIC19_MOUSE,173,MIC19_MOUSE,157,1
MIC19_MOUSE,173,MIC19_MOUSE,157,1
MIC19_MOUSE,175,MIC19_MOUSE,157,1
MIC19_MOUSE,121,MIC19_MOUSE,173,Liu2017MCPmousemito_Heck
MIC19_MOUSE,121,MIC19_MOUSE,121,Caudal_iqPIR_TACsham_Bruce
MIC19_MOUSE,121,MIC19_MOUSE,45,Liu2017MCPmousemito_Heck
MIC19_MOUSE,121,MIC19_MOUSE,119,Liu2017MCPmousemito_Heck
MIC19_MOUSE,121,MIC19_MOUSE,77,1
MIC19_MOUSE,121,MIC19_MOUSE,136,Caudal_iqPIR_TACsham_Bruce
MIC19_MOUSE,121,MIC19_MOUSE,136,Caudal_iqPIR_TACsham_Bruce
MIC19_MOUSE,121,MIC19_MOUSE,37,Liu2017MCPmousemito_Heck
MIC19_MOUSE,121,MIC19_MOUSE,130,1
MIC19_MOUSE,121,MIC19_MOUSE,130,Liu2017MCPmousemito_Heck
MIC19_MOUSE,121,MIC19_MOUSE,86,1
MIC19_MOUSE,121,MIC19_MOUSE,157,Liu2017MCPmousemito_Heck
MIC19_MOUSE,121,MIC19_MOUSE,76,Liu2017MCPmousemito_Heck
MIC19_MOUSE,121,MIC19_MOUSE,63,Liu2017MCPmousemito_Heck
MIC19_MOUSE,45,MIC19_MOUSE,45,Caudal_iqPIR_TACsham_Bruce
MIC19_MOUSE,45,MIC19_MOUSE,142,Liu2017MCPmousemito_Heck
MIC19_MOUSE,45,MIC19_MOUSE,45,ChavezCellSystems2017_BruceLab
MIC19_MOUSE,45,MIC19_MOUSE,130,Liu2017MCPmousemito_Heck
MIC19_MOUSE,45,MIC19_MOUSE,76,Liu2017MCPmousemito_Heck
MIC19_MOUSE,45,MIC19_MOUSE,24,Liu2017MCPmousemito_Heck
MIC19_MOUSE,45,MIC19_MOUSE,157,Liu2017MCPmousemito_Heck
MIC19_MOUSE,45,MIC19_MOUSE,76,ChavezCellSystems2017_BruceLab
MIC19_MOUSE,45,MIC19_MOUSE,63,1
MIC19_MOUSE,45,MIC19_MOUSE,63,Caudal_iqPIR_TACsham_Bruce
MIC19_MOUSE,77,MIC19_MOUSE,45,1
MIC19_MOUSE,77,MIC19_MOUSE,77,1
MIC19_MOUSE,77,MIC19_MOUSE,77,1
MIC19_MOUSE,77,MIC19_MOUSE,37,Liu2017MCPmousemito_Heck
MIC19_MOUSE,77,MIC19_MOUSE,37,Caudal_iqPIR_TACsham_Bruce
MIC19_MOUSE,77,MIC19_MOUSE,45,1
MIC19_MOUSE,77,MIC19_MOUSE,142,Liu2017MCPmousemito_Heck
MIC19_MOUSE,77,MIC19_MOUSE,130,Liu2017MCPmousemito_Heck
MIC19_MOUSE,77,MIC19_MOUSE,63,Liu2017MCPmousemito_Heck
MIC19_MOUSE,77,MIC19_MOUSE,76,Liu2017MCPmousemito_Heck
MIC19_MOUSE,136,MIC19_MOUSE,45,1
MIC19_MOUSE,136,MIC19_MOUSE,77,Liu2017MCPmousemito_Heck
MIC19_MOUSE,136,MIC19_MOUSE,136,Caudal_iqPIR_TACsham_Bruce
MIC19_MOUSE,136,MIC19_MOUSE,136,1
MIC19_MOUSE,136,MIC19_MOUSE,142,Caudal_iqPIR_TACsham_Bruce
MIC19_MOUSE,136,MIC19_MOUSE,37,Caudal_iqPIR_TACsham_Bruce
MIC19_MOUSE,136,MIC19_MOUSE,142,1
MIC19_MOUSE,136,MIC19_MOUSE,130,1
MIC19_MOUSE,136,MIC19_MOUSE,130,Liu2017MCPmousemito_Heck
MIC19_MOUSE,136,MIC19_MOUSE,76,Liu2017MCPmousemito_Heck
MIC19_MOUSE,136,MIC19_MOUSE,157,1
MIC19_MOUSE,136,MIC19_MOUSE,76,1
MIC19_MOUSE,136,MIC19_MOUSE,63,1
MIC19_MOUSE,136,MIC19_MOUSE,63,Liu2017MCPmousemito_Heck
MIC19_MOUSE,136,MIC19_MOUSE,136,1
MIC19_MOUSE,136,MIC19_MOUSE,157,1
MIC19_MOUSE,142,MIC19_MOUSE,142,0.98
MIC19_MOUSE,86,MIC19_MOUSE,121,1
MIC19_MOUSE,86,MIC19_MOUSE,45,1
MIC19_MOUSE,86,MIC19_MOUSE,77,1
MIC19_MOUSE,86,MIC19_MOUSE,77,1
MIC19_MOUSE,86,MIC19_MOUSE,136,Caudal_iqPIR_TACsham_Bruce
MIC19_MOUSE,86,MIC19_MOUSE,86,Caudal_iqPIR_TACsham_Bruce
MIC19_MOUSE,86,MIC19_MOUSE,37,1
MIC19_MOUSE,86,MIC19_MOUSE,45,Caudal_iqPIR_TACsham_Bruce
MIC19_MOUSE,86,MIC19_MOUSE,37,1
MIC19_MOUSE,86,MIC19_MOUSE,86,1
MIC19_MOUSE,86,MIC19_MOUSE,76,SchweppemousemitoPNAS2017_BruceLab
MIC19_MOUSE,86,MIC19_MOUSE,76,SchweppemousemitoPNAS2017_BruceLab
MIC19_MOUSE,86,MIC19_MOUSE,63,1
MIC19_MOUSE,121,MIC19_MOUSE,136,1
MIC19_MOUSE,37,MIC19_MOUSE,45,1
MIC19_MOUSE,37,MIC19_MOUSE,37,1
MIC19_MOUSE,37,MIC19_MOUSE,76,Liu2017MCPmousemito_Heck
MIC19_MOUSE,37,MIC19_MOUSE,24,Liu2017MCPmousemito_Heck
MIC19_MOUSE,37,MIC19_MOUSE,63,1
MIC19_MOUSE,37,MIC19_MOUSE,63,1
MIC19_MOUSE,37,MIC19_MOUSE,45,1
MIC19_MOUSE,37,MIC19_MOUSE,45,1
MIC19_MOUSE,37,MIC19_MOUSE,63,1
MIC19_MOUSE,37,MIC19_MOUSE,63,0.97
MIC19_MOUSE,45,MIC19_MOUSE,63,0.8
MIC19_MOUSE,130,MIC19_MOUSE,136,SchweppemousemitoPNAS2017_BruceLab
MIC19_MOUSE,225,MIC19_MOUSE,175,Liu2017MCPmousemito_Heck
MIC19_MOUSE,225,MIC19_MOUSE,189,Liu2017MCPmousemito_Heck
MIC19_MOUSE,225,MIC19_MOUSE,189,ChavezCellSystems2017_BruceLab
MIC19_MOUSE,86,MIC19_MOUSE,77,Caudal_iqPIR_TACsham_Bruce
MIC19_MOUSE,86,MIC19_MOUSE,136,Liu2017MCPmousemito_Heck
MIC19_MOUSE,86,MIC19_MOUSE,86,1
MIC19_MOUSE,86,MIC19_MOUSE,76,Liu2017MCPmousemito_Heck
MIC19_MOUSE,86,MIC19_MOUSE,76,SchweppemousemitoPNAS2017_BruceLab
MIC19_MOUSE,86,MIC19_MOUSE,77,SchweppemousemitoPNAS2017_BruceLab
MIC19_MOUSE,76,MIC19_MOUSE,63,Liu2017MCPmousemito_Heck
MIC19_MOUSE,157,MIC19_MOUSE,157,1
MIC19_MOUSE,76,MIC19_MOUSE,76,Liu2017MCPmousemito_Heck
MIC19_MOUSE,76,MIC19_MOUSE,63,1
MIC19_MOUSE,76,MIC19_MOUSE,63,1
MIC19_MOUSE,76,MIC19_MOUSE,77,1
MIC19_MOUSE,63,MIC19_MOUSE,63,1
MIC19_MOUSE,63,MIC19_MOUSE,63,1
MIC19_MOUSE,63,MIC19_MOUSE,63,1
MIC26_MOUSE,27,MIC19_MOUSE,189,Liu2017MCPmousemito_Heck
MIC19_HUMAN,121,MIC19_HUMAN,136,Schweppe2015ChemBio_BruceLab
MIC19_HUMAN,83,MIC19_HUMAN,76,Liu2015NatureMethods_Heck
MIC19_HUMAN,45,MIC19_HUMAN,45,MangoNuclear2018_Bruce
MIC19_HUMAN,45,MIC19_HUMAN,63,MangoNuclear2018_Bruce
MIC19_HUMAN,136,MIC19_HUMAN,136,MangoNuclear2018_Bruce
MIC19_HUMAN,136,MIC19_HUMAN,142,MangoNuclear2018_Bruce
MIC19_HUMAN,89,MIC19_HUMAN,89,MangoNuclear2018_Bruce
MIC19_HUMAN,189,MIC19_HUMAN,203,iqPIR_HeLa_17AAG_Chavez2020_Bruce
