MIC10,74,MIC60,725,42
MIC60,298,MIC60,426,42
MIC60,298,MIC60,394,42
MIC60,298,MIC60,441,42
MIC60,298,MIC60,305,42
MIC60,298,MIC60,305,42
MIC60,298,MIC60,352,42
MIC60,303,MIC60,313,42
MIC60,498,MIC60,515,42
MIC60,498,MIC60,515,42
MIC60,422,MIC60,352,42
MIC60,639,MIC60,639,42
MIC60,639,MIC60,674,42
MIC60,394,MIC60,394,42
MIC60,441,MIC60,343,42
MIC60,441,MIC60,450,42
MIC60,122,MIC60,122,42
MIC60,298,MIC60,352,42
MIC60,102,MIC60,122,42
MIC60,102,MIC60,119,42
MIC60,102,MIC60,343,42
MIC60,102,MIC60,130,42
MIC60,269,MIC60,269,42
MIC60,269,MIC60,422,42
MIC60,269,MIC60,394,42
MIC60,269,MIC60,285,42
MIC60,269,MIC60,269,42
MIC60,269,MIC60,343,42
MIC60,269,MIC60,268,42
MIC60,269,MIC60,281,42
MIC60,269,MIC60,281,42
MIC60,343,MIC60,122,42
MIC60,343,MIC60,343,42
MIC60,343,MIC60,268,42
MIC60,343,MIC60,249,42
MIC60,441,MIC60,298,42
MIC60,441,MIC60,441,42
MIC60,441,MIC60,343,42
MIC60,441,MIC60,305,42
MIC60,441,MIC60,450,42
MIC60,342,MIC60,394,42
MIC60,130,MIC60,119,42
MIC60,305,MIC60,298,42
MIC60,305,MIC60,343,42
MIC60,305,MIC60,450,42
MIC60,305,MIC60,352,42
MIC60,285,MIC60,384,42
MIC60,268,MIC60,426,42
MIC60,268,MIC60,249,42
MIC60,268,MIC60,352,42
MIC60,268,MIC60,426,42
MIC60,268,MIC60,249,42
MIC60,281,MIC60,384,42
MIC60,281,MIC60,422,42
MIC60,281,MIC60,384,42
MIC60,281,MIC60,394,42
MIC60,281,MIC60,285,42
MIC60,281,MIC60,343,42
MIC60,281,MIC60,268,42
MIC60,281,MIC60,268,42
MIC60,281,MIC60,281,42
MIC60,281,MIC60,352,42
MIC60,352,MIC60,384,42
MIC60,505,MIC60,515,42
MIC60,505,MIC60,515,42
MIC13,77,MIC60,639,42
MIC19,175,MIC60,564,42
MIC19,136,MIC60,498,42
MIC19,136,MIC60,450,42
MIC19,136,MIC60,505,42
MIC19,136,MIC60,515,42
MIC19,136,MIC60,515,42
MIC19,86,MIC60,515,42
MIC60,450,MIC19,63,42
MIC25,194,MIC25,209,42
MIC19,173,MIC19,157,42
MIC19,173,MIC19,157,42
MIC19,175,MIC19,157,42
MIC19,121,MIC19,121,42
MIC19,121,MIC19,77,42
MIC19,121,MIC19,136,42
MIC19,121,MIC19,136,42
MIC19,121,MIC19,130,42
MIC19,121,MIC19,86,42
MIC19,45,MIC19,45,42
MIC19,45,MIC19,63,42
MIC19,45,MIC19,63,42
MIC19,77,MIC19,45,42
MIC19,77,MIC19,77,42
MIC19,77,MIC19,77,42
MIC19,77,MIC19,37,42
MIC19,77,MIC19,45,42
MIC19,136,MIC19,45,42
MIC19,136,MIC19,136,42
MIC19,136,MIC19,136,42
MIC19,136,MIC19,142,42
MIC19,136,MIC19,37,42
MIC19,136,MIC19,142,42
MIC19,136,MIC19,130,42
MIC19,136,MIC19,157,42
MIC19,136,MIC19,76,42
MIC19,136,MIC19,63,42
MIC19,136,MIC19,136,42
MIC19,136,MIC19,157,42
MIC19,142,MIC19,142,42
MIC19,86,MIC19,121,42
MIC19,86,MIC19,45,42
MIC19,86,MIC19,77,42
MIC19,86,MIC19,77,42
MIC19,86,MIC19,136,42
MIC19,86,MIC19,86,42
MIC19,86,MIC19,37,42
MIC19,86,MIC19,45,42
MIC19,86,MIC19,37,42
MIC19,86,MIC19,86,42
MIC19,86,MIC19,63,42
MIC19,121,MIC19,136,42
MIC19,37,MIC19,45,42
MIC19,37,MIC19,37,42
MIC19,37,MIC19,63,42
MIC19,37,MIC19,63,42
MIC19,37,MIC19,45,42
MIC19,37,MIC19,63,42
MIC19,86,MIC19,77,42
MIC19,86,MIC19,86,42
MIC19,157,MIC19,157,42
MIC19,76,MIC19,63,42
MIC19,76,MIC19,63,42
MIC19,63,MIC19,63,42
MIC19,63,MIC19,63,42
MIC19,63,MIC19,63,42
MIC60,298,MIC60,394,42
MIC60,298,MIC60,305,42
MIC60,298,MIC60,352,42
MIC60,122,MIC60,110,42
MIC60,498,MIC60,515,42
MIC60,639,MIC60,639,42
MIC60,639,MIC60,674,42
MIC60,437,MIC60,298,42
MIC60,285,MIC60,384,42
MIC60,102,MIC60,119,42
MIC60,102,MIC60,119,42
MIC60,102,MIC60,130,42
MIC60,269,MIC60,384,42
MIC60,269,MIC60,352,42
MIC60,269,MIC60,281,42
MIC60,269,MIC60,352,42
MIC60,343,MIC60,422,42
MIC60,343,MIC60,343,42
MIC60,343,MIC60,249,42
MIC60,130,MIC60,119,42
MIC60,305,MIC60,343,42
MIC60,305,MIC60,450,42
MIC60,268,MIC60,384,42
MIC60,268,MIC60,249,42
MIC60,281,MIC60,384,42
MIC60,281,MIC60,285,42
MIC60,281,MIC60,352,42
MIC60,281,MIC60,268,42
MIC60,281,MIC60,352,42
MIC60,281,MIC60,285,42
MIC13,77,MIC60,674,42
MIC19,121,MIC60,498,42
MIC19,136,MIC60,505,42
MIC19,136,MIC60,515,42
MIC19,121,MIC19,136,42
MIC19,121,MIC19,136,42
MIC19,45,MIC19,45,42
MIC19,45,MIC19,45,42
MIC19,45,MIC19,76,42
MIC19,45,MIC19,63,42
MIC19,77,MIC19,45,42
MIC19,77,MIC19,37,42
MIC19,136,MIC19,142,42
MIC19,136,MIC19,130,42
MIC19,136,MIC19,136,42
MIC19,136,MIC19,157,42
MIC19,86,MIC19,77,42
MIC19,86,MIC19,136,42
MIC19,86,MIC19,45,42
MIC19,225,MIC19,189,42
MIC27,27,MIC27,33,30
MIC27,27,MIC19,189,30
MIC19,121,MIC19,173,30
MIC19,121,MIC19,121,30
MIC19,121,MIC19,45,30
MIC19,121,MIC19,119,30
MIC19,121,MIC19,136,30
MIC19,121,MIC19,37,30
MIC19,121,MIC19,130,30
MIC19,121,MIC19,157,30
MIC19,121,MIC19,76,30
MIC19,121,MIC19,63,30
MIC19,45,MIC19,142,30
MIC19,45,MIC19,130,30
MIC19,45,MIC19,76,30
MIC19,45,MIC19,24,30
MIC19,45,MIC19,157,30
MIC19,45,MIC19,63,30
MIC19,77,MIC19,37,30
MIC19,77,MIC19,142,30
MIC19,77,MIC19,130,30
MIC19,77,MIC19,63,30
MIC19,77,MIC19,76,30
MIC19,136,MIC19,45,30
MIC19,136,MIC19,77,30
MIC19,136,MIC19,142,30
MIC19,136,MIC19,37,30
MIC19,136,MIC19,130,30
MIC19,136,MIC19,76,30
MIC19,136,MIC19,63,30
MIC19,37,MIC19,76,30
MIC19,37,MIC19,24,30
MIC19,37,MIC19,63,30
MIC19,225,MIC19,175,30
MIC19,225,MIC19,189,30
MIC19,86,MIC19,136,30
MIC19,86,MIC19,76,30
MIC19,76,MIC19,63,30
MIC19,76,MIC19,76,30
MIC19,63,MIC19,63,30
MIC26,27,MIC19,189,30
MIC26,192,MIC26,182,30
MIC10,74,MIC60,725,42
MIC60,298,MIC60,394,42
MIC60,298,MIC60,441,42
MIC60,298,MIC60,352,42
MIC60,298,MIC60,342,42
MIC60,298,MIC60,305,42
MIC60,298,MIC60,352,42
MIC60,639,MIC60,639,42
MIC60,437,MIC60,298,42
MIC60,437,MIC60,450,42
MIC60,441,MIC60,450,42
MIC60,285,MIC60,384,42
MIC60,269,MIC60,384,42
MIC60,269,MIC60,281,42
MIC60,269,MIC60,352,42
MIC60,343,MIC60,249,42
MIC60,441,MIC60,450,42
MIC60,305,MIC60,342,42
MIC60,268,MIC60,384,42
MIC60,268,MIC60,249,42
MIC60,281,MIC60,384,42
MIC60,281,MIC60,285,42
MIC60,281,MIC60,285,42
MIC60,281,MIC60,268,42
MIC60,281,MIC60,281,42
MIC60,281,MIC60,352,42
MIC13,77,MIC60,639,42
MIC13,77,MIC60,674,42
MIC19,121,MIC60,498,42
MIC19,136,MIC60,515,42
MIC19,136,MIC60,515,42
MIC25,203,MIC25,221,42
MIC25,203,MIC19,142,42
MIC19,121,MIC19,121,42
MIC19,121,MIC19,136,42
MIC19,121,MIC19,136,42
MIC19,77,MIC19,45,42
MIC19,77,MIC19,77,42
MIC19,77,MIC19,45,42
MIC19,77,MIC19,63,42
MIC19,136,MIC19,136,42
MIC19,136,MIC19,142,42
MIC19,136,MIC19,130,42
MIC19,136,MIC19,157,42
MIC19,136,MIC19,136,42
MIC19,86,MIC19,77,42
MIC19,86,MIC19,136,42
MIC19,86,MIC19,86,42
MIC19,86,MIC19,45,42
MIC19,86,MIC19,76,42
MIC19,86,MIC19,76,42
MIC19,130,MIC19,136,42
MIC19,225,MIC19,189,42
MIC19,86,MIC19,77,42
MIC19,86,MIC19,76,42
MIC19,86,MIC19,77,42
