Protein1,Residue1,Protein2,Residue2
MIC60,299,MIC60,306
MIC60,640,MIC60,640
MIC60,270,MIC60,282
MIC60,299,MIC60,353
MIC60,270,MIC60,282
MIC60,211,MIC60,314
MIC60,299,MIC60,306
MIC60,640,MIC60,640
MIC60,270,MIC60,282
MIC60,270,MIC60,353
MIC60,640,MIC60,640
MIC60,270,MIC60,353
MIC60,640,MIC60,640
MIC60,299,MIC60,306
MIC60,640,MIC60,640
MIC60,110,MIC60,110
MIC60,282,MIC60,286
MIC19,173,MIC60,565
MIC60,714,MIC60,726
MIC60,640,MIC60,640
MIC60,640,MIC60,726
MIC60,270,MIC60,282
MIC60,270,MIC60,353
MIC19,173,MIC60,565
MIC60,714,MIC19,203
MIC60,726,MIC19,203
MIC19,189,MIC19,203
