Protein1,LinkPos1,Protein2,LinkPos2,Crosslinker type,Reference
MIC10,74,MIC60,726,PIR,XLinkDB
MIC60,299,MIC60,427,PIR,XLinkDB
MIC60,299,MIC60,395,PIR,XLinkDB
MIC60,299,MIC60,442,PIR,XLinkDB
MIC60,299,MIC60,306,PIR,XLinkDB
MIC60,299,MIC60,306,PIR,XLinkDB
MIC60,299,MIC60,353,PIR,XLinkDB
MIC60,304,MIC60,314,PIR,XLinkDB
MIC60,499,MIC60,516,PIR,XLinkDB
MIC60,499,MIC60,516,PIR,XLinkDB
MIC60,423,MIC60,353,PIR,XLinkDB
MIC60,640,MIC60,640,PIR,XLinkDB
MIC60,640,MIC60,675,PIR,XLinkDB
MIC60,395,MIC60,395,PIR,XLinkDB
MIC60,442,MIC60,344,PIR,XLinkDB
MIC60,442,MIC60,451,PIR,XLinkDB
MIC60,122,MIC60,122,PIR,XLinkDB
MIC60,299,MIC60,353,PIR,XLinkDB
MIC60,102,MIC60,122,PIR,XLinkDB
MIC60,102,MIC60,119,PIR,XLinkDB
MIC60,102,MIC60,344,PIR,XLinkDB
MIC60,102,MIC60,130,PIR,XLinkDB
MIC60,270,MIC60,270,PIR,XLinkDB
MIC60,270,MIC60,423,PIR,XLinkDB
MIC60,270,MIC60,395,PIR,XLinkDB
MIC60,270,MIC60,286,PIR,XLinkDB
MIC60,270,MIC60,270,PIR,XLinkDB
MIC60,270,MIC60,344,PIR,XLinkDB
MIC60,270,MIC60,269,PIR,XLinkDB
MIC60,270,MIC60,282,PIR,XLinkDB
MIC60,270,MIC60,282,PIR,XLinkDB
MIC60,344,MIC60,122,PIR,XLinkDB
MIC60,344,MIC60,344,PIR,XLinkDB
MIC60,344,MIC60,269,PIR,XLinkDB
MIC60,344,MIC60,250,PIR,XLinkDB
MIC60,442,MIC60,299,PIR,XLinkDB
MIC60,442,MIC60,442,PIR,XLinkDB
MIC60,442,MIC60,344,PIR,XLinkDB
MIC60,442,MIC60,306,PIR,XLinkDB
MIC60,442,MIC60,451,PIR,XLinkDB
MIC60,343,MIC60,395,PIR,XLinkDB
MIC60,130,MIC60,119,PIR,XLinkDB
MIC60,306,MIC60,299,PIR,XLinkDB
MIC60,306,MIC60,344,PIR,XLinkDB
MIC60,306,MIC60,451,PIR,XLinkDB
MIC60,306,MIC60,353,PIR,XLinkDB
MIC60,286,MIC60,385,PIR,XLinkDB
MIC60,269,MIC60,427,PIR,XLinkDB
MIC60,269,MIC60,250,PIR,XLinkDB
MIC60,269,MIC60,353,PIR,XLinkDB
MIC60,269,MIC60,427,PIR,XLinkDB
MIC60,269,MIC60,250,PIR,XLinkDB
MIC60,282,MIC60,385,PIR,XLinkDB
MIC60,282,MIC60,423,PIR,XLinkDB
MIC60,282,MIC60,385,PIR,XLinkDB
MIC60,282,MIC60,395,PIR,XLinkDB
MIC60,282,MIC60,286,PIR,XLinkDB
MIC60,282,MIC60,344,PIR,XLinkDB
MIC60,282,MIC60,269,PIR,XLinkDB
MIC60,282,MIC60,269,PIR,XLinkDB
MIC60,282,MIC60,282,PIR,XLinkDB
MIC60,282,MIC60,353,PIR,XLinkDB
MIC60,353,MIC60,385,PIR,XLinkDB
MIC60,506,MIC60,516,PIR,XLinkDB
MIC60,506,MIC60,516,PIR,XLinkDB
MIC13,77,MIC60,640,PIR,XLinkDB
MIC19,175,MIC60,565,PIR,XLinkDB
MIC19,136,MIC60,499,PIR,XLinkDB
MIC19,136,MIC60,451,PIR,XLinkDB
MIC19,136,MIC60,506,PIR,XLinkDB
MIC19,136,MIC60,516,PIR,XLinkDB
MIC19,136,MIC60,516,PIR,XLinkDB
MIC19,86,MIC60,516,PIR,XLinkDB
MIC60,451,MIC19,63,PIR,XLinkDB
MIC25,156,MIC25,171,PIR,XLinkDB
MIC19,173,MIC19,157,PIR,XLinkDB
MIC19,173,MIC19,157,PIR,XLinkDB
MIC19,175,MIC19,157,PIR,XLinkDB
MIC19,121,MIC19,121,PIR,XLinkDB
MIC19,121,MIC19,77,PIR,XLinkDB
MIC19,121,MIC19,136,PIR,XLinkDB
MIC19,121,MIC19,136,PIR,XLinkDB
MIC19,121,MIC19,130,PIR,XLinkDB
MIC19,121,MIC19,86,PIR,XLinkDB
MIC19,45,MIC19,45,PIR,XLinkDB
MIC19,45,MIC19,63,PIR,XLinkDB
MIC19,45,MIC19,63,PIR,XLinkDB
MIC19,77,MIC19,45,PIR,XLinkDB
MIC19,77,MIC19,77,PIR,XLinkDB
MIC19,77,MIC19,77,PIR,XLinkDB
MIC19,77,MIC19,37,PIR,XLinkDB
MIC19,77,MIC19,45,PIR,XLinkDB
MIC19,136,MIC19,45,PIR,XLinkDB
MIC19,136,MIC19,136,PIR,XLinkDB
MIC19,136,MIC19,136,PIR,XLinkDB
MIC19,136,MIC19,142,PIR,XLinkDB
MIC19,136,MIC19,37,PIR,XLinkDB
MIC19,136,MIC19,142,PIR,XLinkDB
MIC19,136,MIC19,130,PIR,XLinkDB
MIC19,136,MIC19,157,PIR,XLinkDB
MIC19,136,MIC19,76,PIR,XLinkDB
MIC19,136,MIC19,63,PIR,XLinkDB
MIC19,136,MIC19,136,PIR,XLinkDB
MIC19,136,MIC19,157,PIR,XLinkDB
MIC19,142,MIC19,142,PIR,XLinkDB
MIC19,86,MIC19,121,PIR,XLinkDB
MIC19,86,MIC19,45,PIR,XLinkDB
MIC19,86,MIC19,77,PIR,XLinkDB
MIC19,86,MIC19,77,PIR,XLinkDB
MIC19,86,MIC19,136,PIR,XLinkDB
MIC19,86,MIC19,86,PIR,XLinkDB
MIC19,86,MIC19,37,PIR,XLinkDB
MIC19,86,MIC19,45,PIR,XLinkDB
MIC19,86,MIC19,37,PIR,XLinkDB
MIC19,86,MIC19,86,PIR,XLinkDB
MIC19,86,MIC19,63,PIR,XLinkDB
MIC19,121,MIC19,136,PIR,XLinkDB
MIC19,37,MIC19,45,PIR,XLinkDB
MIC19,37,MIC19,37,PIR,XLinkDB
MIC19,37,MIC19,63,PIR,XLinkDB
MIC19,37,MIC19,63,PIR,XLinkDB
MIC19,37,MIC19,45,PIR,XLinkDB
MIC19,37,MIC19,63,PIR,XLinkDB
MIC19,86,MIC19,77,PIR,XLinkDB
MIC19,86,MIC19,86,PIR,XLinkDB
MIC19,157,MIC19,157,PIR,XLinkDB
MIC19,76,MIC19,63,PIR,XLinkDB
MIC19,76,MIC19,63,PIR,XLinkDB
MIC19,63,MIC19,63,PIR,XLinkDB
MIC19,63,MIC19,63,PIR,XLinkDB
MIC19,63,MIC19,63,PIR,XLinkDB
MIC60,299,MIC60,343,DSSO,XLinkDB
MIC60,299,MIC60,343,DSSO,XLinkDB
MIC60,299,MIC60,306,DSSO,XLinkDB
MIC60,299,MIC60,306,DSSO,XLinkDB
MIC60,423,MIC60,269,DSSO,XLinkDB
MIC60,344,MIC60,344,DSSO,XLinkDB
MIC60,211,MIC60,222,DSSO,XLinkDB
MIC60,211,MIC60,315,DSSO,XLinkDB
MIC60,211,MIC60,314,DSSO,XLinkDB
MIC60,211,MIC60,315,DSSO,XLinkDB
MIC60,216,MIC60,315,DSSO,XLinkDB
MIC60,216,MIC60,315,DSSO,XLinkDB
MIC60,282,MIC60,286,DSSO,XLinkDB
MIC19,136,MIC60,516,DSSO,XLinkDB
MIC19,83,MIC19,76,DSSO,XLinkDB
MIC19,45,MIC19,45,DSSO,XLinkDB
MIC19,45,MIC19,63,DSSO,XLinkDB
MIC19,136,MIC19,136,DSSO,XLinkDB
MIC19,136,MIC19,142,DSSO,XLinkDB
MIC19,89,MIC19,89,DSSO,XLinkDB
MIC60,282,MIC60,286,DSSO,Yugandhar(2020)
MIC60,211,MIC60,222,DSSO,Yugandhar(2020)
MIC60,299,MIC60,306,DSSO,Yugandhar(2020)
MIC60,506,MIC60,516,DSSO,Yugandhar(2020)
MIC60,282,MIC60,286,DSSO,Yugandhar(2020)
MIC19,63,MIC19,45,DSSO,Yugandhar(2020)
MIC19,63,MIC19,76,DSSO,Yugandhar(2020)
MIC19,76,MIC19,45,DSSO,Yugandhar(2020)
MIC19,45,MIC19,63,DSSO,Yugandhar(2020)
MIC19,63,MIC60,467,DSSO,Yugandhar(2020)
MIC60,282,MIC60,385,DSSO,Yugandhar(2020)
MIC60,269,MIC60,423,DSSO,Yugandhar(2020)
MIC60,269,MIC60,282,DSSO,Yugandhar(2020)
MIC19,63,MIC19,45,DSSO,Yugandhar(2020)
MIC19,136,MIC19,142,DSSO,Yugandhar(2020)
MIC19,83,MIC19,76,DSSO,Yugandhar(2020)
MIC19,76,MIC19,45,DSSO,Yugandhar(2020)
MIC19,37,MIC19,63,DSSO,Yugandhar(2020)
MIC60,299,MIC60,306,PIR,XLinkDB
MIC60,640,MIC60,640,PIR,XLinkDB
MIC60,110,MIC60,110,PIR,XLinkDB
MIC60,282,MIC60,286,PIR,XLinkDB
MIC19,173,MIC60,565,PIR,XLinkDB
MIC60,714,MIC60,726,PIR,XLinkDB
MIC60,640,MIC60,640,PIR,XLinkDB
MIC60,640,MIC60,726,PIR,XLinkDB
MIC60,270,MIC60,282,PIR,XLinkDB
MIC60,270,MIC60,353,PIR,XLinkDB
MIC19,173,MIC60,565,PIR,XLinkDB
MIC60,714,MIC19,203,PIR,XLinkDB
MIC60,726,MIC19,203,PIR,XLinkDB
MIC19,189,MIC19,203,PIR,XLinkDB
MIC19,86,MIC19,89,BS3,Ryl(2020)
MIC19,45,MIC19,63,BS3,Ryl(2020)
MIC19,136,MIC19,135,BS3,Ryl(2020)
MIC19,121,MIC19,119,BS3,Ryl(2020)
MIC19,76,MIC19,79,BS3,Ryl(2020)
MIC19,83,MIC19,86,BS3,Ryl(2020)
MIC19,205,MIC19,201,BS3,Ryl(2020)
MIC19,136,MIC19,130,BS3,Ryl(2020)
MIC19,113,MIC19,119,BS3,Ryl(2020)
MIC19,136,MIC19,142,BS3,Ryl(2020)
MIC19,142,MIC19,135,BS3,Ryl(2020)
MIC19,76,MIC19,83,BS3,Ryl(2020)
MIC19,37,MIC19,45,BS3,Ryl(2020)
MIC19,165,MIC19,173,BS3,Ryl(2020)
MIC19,77,MIC19,86,BS3,Ryl(2020)
MIC19,76,MIC19,86,BS3,Ryl(2020)
MIC19,37,MIC19,24,BS3,Ryl(2020)
MIC19,45,MIC19,24,BS3,Ryl(2020)
MIC19,37,MIC19,63,BS3,Ryl(2020)
MIC19,45,MIC19,76,BS3,Ryl(2020)
MIC19,45,MIC19,86,BS3,Ryl(2020)
MIC19,136,MIC19,89,BS3,Ryl(2020)
MIC60,269,MIC60,271,BS3,Ryl(2020)
MIC60,307,MIC60,304,BS3,Ryl(2020)
MIC60,427,MIC60,423,BS3,Ryl(2020)
MIC60,282,MIC60,286,BS3,Ryl(2020)
MIC60,395,MIC60,390,BS3,Ryl(2020)
MIC60,299,MIC60,304,BS3,Ryl(2020)
MIC60,350,MIC60,356,BS3,Ryl(2020)
MIC60,122,MIC60,115,BS3,Ryl(2020)
MIC60,126,MIC60,119,BS3,Ryl(2020)
MIC60,223,MIC60,216,BS3,Ryl(2020)
MIC60,304,MIC60,297,BS3,Ryl(2020)
MIC60,397,MIC60,390,BS3,Ryl(2020)
MIC60,438,MIC60,431,BS3,Ryl(2020)
MIC60,458,MIC60,451,BS3,Ryl(2020)
MIC60,299,MIC60,306,BS3,Ryl(2020)
MIC60,343,MIC60,350,BS3,Ryl(2020)
MIC60,398,MIC60,390,BS3,Ryl(2020)
MIC60,211,MIC60,219,BS3,Ryl(2020)
MIC60,395,MIC60,403,BS3,Ryl(2020)
MIC60,423,MIC60,431,BS3,Ryl(2020)
MIC60,353,MIC60,344,BS3,Ryl(2020)
MIC60,297,MIC60,306,BS3,Ryl(2020)
MIC60,321,MIC60,330,BS3,Ryl(2020)
MIC60,458,MIC60,467,BS3,Ryl(2020)
MIC60,263,MIC60,253,BS3,Ryl(2020)
MIC60,122,MIC60,132,BS3,Ryl(2020)
MIC60,170,MIC60,180,BS3,Ryl(2020)
MIC60,385,MIC60,395,BS3,Ryl(2020)
MIC60,506,MIC60,516,BS3,Ryl(2020)
MIC60,182,MIC60,171,BS3,Ryl(2020)
MIC60,438,MIC60,427,BS3,Ryl(2020)
MIC60,211,MIC60,222,BS3,Ryl(2020)
MIC60,180,MIC60,168,BS3,Ryl(2020)
MIC60,182,MIC60,170,BS3,Ryl(2020)
MIC60,282,MIC60,270,BS3,Ryl(2020)
MIC60,398,MIC60,385,BS3,Ryl(2020)
MIC60,269,MIC60,282,BS3,Ryl(2020)
MIC60,423,MIC60,436,BS3,Ryl(2020)
MIC60,182,MIC60,168,BS3,Ryl(2020)
MIC60,186,MIC60,171,BS3,Ryl(2020)
MIC60,438,MIC60,423,BS3,Ryl(2020)
MIC60,467,MIC60,451,BS3,Ryl(2020)
MIC60,253,MIC60,269,BS3,Ryl(2020)
MIC60,427,MIC60,353,BS3,Ryl(2020)
MIC60,315,MIC60,216,BS3,Ryl(2020)
MIC60,270,MIC60,370,BS3,Ryl(2020)
MIC60,269,MIC60,370,BS3,Ryl(2020)
MIC60,315,MIC60,211,BS3,Ryl(2020)
MIC60,216,MIC60,321,BS3,Ryl(2020)
MIC60,330,MIC60,222,BS3,Ryl(2020)
MIC60,321,MIC60,211,BS3,Ryl(2020)
MIC60,403,MIC60,543,BS3,Ryl(2020)
MIC60,431,MIC60,577,BS3,Ryl(2020)
MIC60,427,MIC60,269,BS3,Ryl(2020)
MIC60,397,MIC60,395,BS3,Ryl(2020)
MIC60,170,MIC60,168,BS3,Ryl(2020)
MIC19,142,MIC19,142,BS3,Ryl(2020)
MIC19,136,MIC19,136,BS3,Ryl(2020)
MIC19,45,MIC19,45,BS3,Ryl(2020)
MIC60,282,MIC60,286,DSS,Sun(2022)
MIC60,299,MIC60,306,DSS,Sun(2022)
MIC60,211,MIC60,314,DSS,Sun(2022)
MIC60,315,MIC60,211,DSSO,Bartolec(2023)
MIC60,314,MIC60,216,DSSO,Bartolec(2023)
MIC60,385,MIC60,270,DSSO,Bartolec(2023)
MIC19,76,MIC19,83,DSSO,Bartolec(2023)
MIC60,286,MIC60,282,DSSO,Bartolec(2023)
MIC60,516,MIC19,136,DSSO,Bartolec(2023)
MIC60,286,MIC60,282,DSSO,Bartolec(2023)
MIC60,286,MIC60,282,DSSO,Bartolec(2023)
MIC60,121,MIC60,130,DSSO,Bartolec(2023)
MIC60,180,MIC60,216,DSSO,Bartolec(2023)
MIC60,222,MIC60,211,DSSO,Bartolec(2023)
MIC19,89,MIC19,83,DSSO,Bartolec(2023)
MIC60,315,MIC60,216,DSSO,Bartolec(2023)
MIC60,370,MIC60,282,DSSO,Bartolec(2023)
MIC60,353,MIC60,427,DSSO,Bartolec(2023)
MIC60,385,MIC60,282,DSSO,Bartolec(2023)
MIC60,286,MIC60,282,DSSO,Bartolec(2023)
MIC60,516,MIC19,136,DSSO,Bartolec(2023)
MIC60,286,MIC60,282,DSSO,Bartolec(2023)
MIC60,269,MIC60,423,DSSO,Bartolec(2023)
MIC19,45,MIC19,37,DSSO,Bartolec(2023)
MIC60,315,MIC60,211,DSSO,Bartolec(2023)
MIC25,126,MIC19,121,DSSO,Bartolec(2023)
MIC60,451,MIC60,442,DSSO,Bartolec(2023)
MIC26,51,MIC26,27,DSSO,Bartolec(2023)
MIC60,222,MIC60,211,DSSO,Bartolec(2023)
MIC60,726,MIC10,74,DSSO,Bartolec(2023)
MIC60,451,MIC19,76,DSSO,Bartolec(2023)
MIC60,286,MIC60,282,DSSO,Bartolec(2023)
MIC60,286,MIC60,282,DSSO,Bartolec(2023)
MIC60,110,MIC60,122,DSSO,Bartolec(2023)
MIC25,156,MIC19,130,DSSO,Bartolec(2023)
MIC19,63,MIC25,65,DSSO,Bartolec(2023)
MIC60,269,MIC60,282,DSSO,Bartolec(2023)
MIC60,370,MIC60,282,DSSO,Bartolec(2023)
MIC60,121,MIC60,102,DSSO,Bartolec(2023)
MIC19,76,MIC19,83,DSSO,Bartolec(2023)
MIC19,89,MIC19,83,DSSO,Bartolec(2023)
MIC60,286,MIC60,282,DSSO,Bartolec(2023)
MIC19,58,MIC19,58,DSSO,Bartolec(2023)
MIC60,377,MIC60,271,DSSO,Bartolec(2023)
MIC19,76,MIC19,89,DSSO,Bartolec(2023)
MIC19,76,MIC19,45,DSSO,Bartolec(2023)
MIC25,84,MIC25,65,DSSO,Bartolec(2023)
MIC25,84,MIC25,65,DSSO,Bartolec(2023)
MIC19,76,MIC19,89,DSSO,Bartolec(2023)
MIC60,714,MIC26,32,DSSO,Bartolec(2023)
MIC19,63,MIC19,45,DSSO,Bartolec(2023)
MIC60,314,MIC60,216,DSSO,Bartolec(2023)
MIC60,315,MIC60,216,DSSO,Bartolec(2023)
MIC60,315,MIC60,211,DSSO,Bartolec(2023)
MIC25,128,MIC19,121,DSSO,Bartolec(2023)
MIC60,321,MIC60,216,DSSO,Bartolec(2023)
MIC60,222,MIC60,211,DSSO,Bartolec(2023)
MIC60,516,MIC19,130,DSSO,Bartolec(2023)
MIC60,385,MIC60,370,DSSO,Bartolec(2023)
MIC60,385,MIC60,282,DSSO,Bartolec(2023)
MIC60,286,MIC60,282,DSSO,Bartolec(2023)
MIC25,156,MIC19,130,DSSO,Bartolec(2023)
MIC60,269,MIC60,282,DSSO,Bartolec(2023)
MIC19,76,MIC19,45,DSSO,Bartolec(2023)
MIC19,76,MIC19,89,DSSO,Bartolec(2023)
MIC60,286,MIC60,282,DSSO,Bartolec(2023)
MIC60,286,MIC60,282,DSSO,Bartolec(2023)
MIC25,156,MIC19,130,DSSO,Bartolec(2023)
MIC60,395,MIC60,370,DSSO,Bartolec(2023)
MIC60,222,MIC60,211,DSSO,Bartolec(2023)
MIC60,286,MIC60,282,DSSO,Bartolec(2023)
MIC60,451,MIC19,76,DSSO,Bartolec(2023)
MIC60,451,MIC19,76,DSSO,Bartolec(2023)
MIC60,286,MIC60,282,DSSO,Bartolec(2023)
MIC60,515,MIC60,519,DHSO,Bartolec(2023)
MIC60,515,MIC60,519,DHSO,Bartolec(2023)
MIC60,510,MIC60,519,DHSO,Bartolec(2023)
MIC60,515,MIC60,519,DHSO,Bartolec(2023)
MIC60,508,MIC60,502,DHSO,Bartolec(2023)
MIC60,508,MIC60,504,DHSO,Bartolec(2023)
MIC60,299,MIC60,306,BDP,XLinkDB
MIC60,640,MIC60,640,BDP,XLinkDB
MIC60,270,MIC60,282,BDP,XLinkDB
MIC60,299,MIC60,353,BDP,XLinkDB
MIC60,270,MIC60,282,BDP,XLinkDB
MIC60,211,MIC60,314,BDP,XLinkDB
MIC60,299,MIC60,306,BDP,XLinkDB
MIC60,640,MIC60,640,BDP,XLinkDB
MIC60,270,MIC60,282,BDP,XLinkDB
MIC60,270,MIC60,353,BDP,XLinkDB
MIC60,640,MIC60,640,BDP,XLinkDB
MIC60,270,MIC60,353,BDP,XLinkDB
MIC60,640,MIC60,640,BDP,XLinkDB
MIC19,121,MIC19,173,DSSO,XLinkDB
MIC19,121,MIC19,121,DSSO,XLinkDB
MIC19,121,MIC19,45,DSSO,XLinkDB
MIC19,121,MIC19,119,DSSO,XLinkDB
MIC19,121,MIC19,136,DSSO,XLinkDB
MIC19,121,MIC19,37,DSSO,XLinkDB
MIC19,121,MIC19,130,DSSO,XLinkDB
MIC19,121,MIC19,157,DSSO,XLinkDB
MIC19,121,MIC19,76,DSSO,XLinkDB
MIC19,121,MIC19,63,DSSO,XLinkDB
MIC19,45,MIC19,142,DSSO,XLinkDB
MIC19,45,MIC19,130,DSSO,XLinkDB
MIC19,45,MIC19,76,DSSO,XLinkDB
MIC19,45,MIC19,24,DSSO,XLinkDB
MIC19,45,MIC19,157,DSSO,XLinkDB
MIC19,45,MIC19,63,DSSO,XLinkDB
MIC19,77,MIC19,37,DSSO,XLinkDB
MIC19,77,MIC19,142,DSSO,XLinkDB
MIC19,77,MIC19,130,DSSO,XLinkDB
MIC19,77,MIC19,63,DSSO,XLinkDB
MIC19,77,MIC19,76,DSSO,XLinkDB
MIC19,136,MIC19,45,DSSO,XLinkDB
MIC19,136,MIC19,77,DSSO,XLinkDB
MIC19,136,MIC19,142,DSSO,XLinkDB
MIC19,136,MIC19,37,DSSO,XLinkDB
MIC19,136,MIC19,130,DSSO,XLinkDB
MIC19,136,MIC19,76,DSSO,XLinkDB
MIC19,136,MIC19,63,DSSO,XLinkDB
MIC19,37,MIC19,76,DSSO,XLinkDB
MIC19,37,MIC19,24,DSSO,XLinkDB
MIC19,37,MIC19,63,DSSO,XLinkDB
MIC19,225,MIC19,175,DSSO,XLinkDB
MIC19,225,MIC19,189,DSSO,XLinkDB
MIC19,86,MIC19,136,DSSO,XLinkDB
MIC19,86,MIC19,76,DSSO,XLinkDB
MIC19,76,MIC19,63,DSSO,XLinkDB
MIC19,76,MIC19,76,DSSO,XLinkDB
MIC19,63,MIC19,63,DSSO,XLinkDB
MIC60,299,MIC60,395,BDP,XLinkDB
MIC60,299,MIC60,306,BDP,XLinkDB
MIC60,299,MIC60,353,BDP,XLinkDB
MIC60,122,MIC60,110,BDP,XLinkDB
MIC60,499,MIC60,516,BDP,XLinkDB
MIC60,640,MIC60,640,BDP,XLinkDB
MIC60,640,MIC60,675,BDP,XLinkDB
MIC60,438,MIC60,299,BDP,XLinkDB
MIC60,286,MIC60,385,BDP,XLinkDB
MIC60,102,MIC60,119,BDP,XLinkDB
MIC60,102,MIC60,119,BDP,XLinkDB
MIC60,102,MIC60,130,BDP,XLinkDB
MIC60,270,MIC60,385,BDP,XLinkDB
MIC60,270,MIC60,353,BDP,XLinkDB
MIC60,270,MIC60,282,BDP,XLinkDB
MIC60,270,MIC60,353,BDP,XLinkDB
MIC60,344,MIC60,423,BDP,XLinkDB
MIC60,344,MIC60,344,BDP,XLinkDB
MIC60,344,MIC60,250,BDP,XLinkDB
MIC60,130,MIC60,119,BDP,XLinkDB
MIC60,306,MIC60,344,BDP,XLinkDB
MIC60,306,MIC60,451,BDP,XLinkDB
MIC60,269,MIC60,385,BDP,XLinkDB
MIC60,269,MIC60,250,BDP,XLinkDB
MIC60,282,MIC60,385,BDP,XLinkDB
MIC60,282,MIC60,286,BDP,XLinkDB
MIC60,282,MIC60,353,BDP,XLinkDB
MIC60,282,MIC60,269,BDP,XLinkDB
MIC60,282,MIC60,353,BDP,XLinkDB
MIC60,282,MIC60,286,BDP,XLinkDB
MIC13,77,MIC60,675,BDP,XLinkDB
MIC19,121,MIC60,499,BDP,XLinkDB
MIC19,136,MIC60,506,BDP,XLinkDB
MIC19,136,MIC60,516,BDP,XLinkDB
MIC19,121,MIC19,136,BDP,XLinkDB
MIC19,121,MIC19,136,BDP,XLinkDB
MIC19,45,MIC19,45,BDP,XLinkDB
MIC19,45,MIC19,45,BDP,XLinkDB
MIC19,45,MIC19,76,BDP,XLinkDB
MIC19,45,MIC19,63,BDP,XLinkDB
MIC19,77,MIC19,45,BDP,XLinkDB
MIC19,77,MIC19,37,BDP,XLinkDB
MIC19,136,MIC19,142,BDP,XLinkDB
MIC19,136,MIC19,130,BDP,XLinkDB
MIC19,136,MIC19,136,BDP,XLinkDB
MIC19,136,MIC19,157,BDP,XLinkDB
MIC19,86,MIC19,77,BDP,XLinkDB
MIC19,86,MIC19,136,BDP,XLinkDB
MIC19,86,MIC19,45,BDP,XLinkDB
MIC19,225,MIC19,189,BDP,XLinkDB
MIC10,74,MIC60,726,BDP,XLinkDB
MIC60,299,MIC60,395,BDP,XLinkDB
MIC60,299,MIC60,442,BDP,XLinkDB
MIC60,299,MIC60,353,BDP,XLinkDB
MIC60,299,MIC60,343,BDP,XLinkDB
MIC60,299,MIC60,306,BDP,XLinkDB
MIC60,299,MIC60,353,BDP,XLinkDB
MIC60,640,MIC60,640,BDP,XLinkDB
MIC60,438,MIC60,299,BDP,XLinkDB
MIC60,438,MIC60,451,BDP,XLinkDB
MIC60,442,MIC60,451,BDP,XLinkDB
MIC60,286,MIC60,385,BDP,XLinkDB
MIC60,270,MIC60,385,BDP,XLinkDB
MIC60,270,MIC60,282,BDP,XLinkDB
MIC60,270,MIC60,353,BDP,XLinkDB
MIC60,344,MIC60,250,BDP,XLinkDB
MIC60,442,MIC60,451,BDP,XLinkDB
MIC60,306,MIC60,343,BDP,XLinkDB
MIC60,269,MIC60,385,BDP,XLinkDB
MIC60,269,MIC60,250,BDP,XLinkDB
MIC60,282,MIC60,385,BDP,XLinkDB
MIC60,282,MIC60,286,BDP,XLinkDB
MIC60,282,MIC60,286,BDP,XLinkDB
MIC60,282,MIC60,269,BDP,XLinkDB
MIC60,282,MIC60,282,BDP,XLinkDB
MIC60,282,MIC60,353,BDP,XLinkDB
MIC13,77,MIC60,640,BDP,XLinkDB
MIC13,77,MIC60,675,BDP,XLinkDB
MIC19,121,MIC60,499,BDP,XLinkDB
MIC19,136,MIC60,516,BDP,XLinkDB
MIC19,136,MIC60,516,BDP,XLinkDB
MIC25,165,MIC25,183,BDP,XLinkDB
MIC25,165,MIC19,142,BDP,XLinkDB
MIC19,121,MIC19,121,BDP,XLinkDB
MIC19,121,MIC19,136,BDP,XLinkDB
MIC19,121,MIC19,136,BDP,XLinkDB
MIC19,77,MIC19,45,BDP,XLinkDB
MIC19,77,MIC19,77,BDP,XLinkDB
MIC19,77,MIC19,45,BDP,XLinkDB
MIC19,77,MIC19,63,BDP,XLinkDB
MIC19,136,MIC19,136,BDP,XLinkDB
MIC19,136,MIC19,142,BDP,XLinkDB
MIC19,136,MIC19,130,BDP,XLinkDB
MIC19,136,MIC19,157,BDP,XLinkDB
MIC19,136,MIC19,136,BDP,XLinkDB
MIC19,86,MIC19,77,BDP,XLinkDB
MIC19,86,MIC19,136,BDP,XLinkDB
MIC19,86,MIC19,86,BDP,XLinkDB
MIC19,86,MIC19,45,BDP,XLinkDB
MIC19,86,MIC19,76,BDP,XLinkDB
MIC19,86,MIC19,76,BDP,XLinkDB
MIC19,130,MIC19,136,BDP,XLinkDB
MIC19,225,MIC19,189,BDP,XLinkDB
MIC19,86,MIC19,77,BDP,XLinkDB
MIC19,86,MIC19,76,BDP,XLinkDB
MIC19,86,MIC19,77,BDP,XLinkDB
MIC26,22,MIC26,32,BS3,Linden(2020)
MIC26,22,MIC26,32,BS3,Linden(2020)
MIC26,27,MIC19,189,DSSO,XLinkDB
MIC26,192,MIC26,182,DSSO,XLinkDB
MIC27,27,MIC27,33,DSSO,XLinkDB
MIC27,27,MIC19,189,DSSO,XLinkDB
