Protein1,Residue1,Protein2,Residue2
MIC19,142,MIC19,157
MIC19,173,MIC19,157
MIC19,173,MIC19,157
MIC19,175,MIC19,157
MIC19,121,MIC19,77
MIC19,121,MIC19,136
MIC19,121,MIC19,136
MIC19,121,MIC19,130
MIC19,121,MIC19,86
MIC19,45,MIC19,63
MIC19,45,MIC19,63
MIC19,77,MIC19,45
MIC19,77,MIC19,37
MIC19,77,MIC19,45
MIC19,136,MIC19,45
MIC19,136,MIC19,142
MIC19,136,MIC19,37
MIC19,136,MIC19,142
MIC19,136,MIC19,130
MIC19,136,MIC19,157
MIC19,136,MIC19,76
MIC19,136,MIC19,63
MIC19,136,MIC19,157
MIC19,86,MIC19,121
MIC19,86,MIC19,45
MIC19,86,MIC19,77
MIC19,86,MIC19,77
MIC19,86,MIC19,136
MIC19,86,MIC19,37
MIC19,86,MIC19,45
MIC19,86,MIC19,37
MIC19,86,MIC19,63
MIC19,121,MIC19,136
MIC19,37,MIC19,45
MIC19,37,MIC19,63
MIC19,37,MIC19,63
MIC19,37,MIC19,45
MIC19,37,MIC19,63
MIC19,86,MIC19,77
MIC19,76,MIC19,63
MIC19,76,MIC19,63
MIC19,121,MIC19,136
MIC19,121,MIC19,136
MIC19,45,MIC19,76
MIC19,45,MIC19,63
MIC19,77,MIC19,45
MIC19,77,MIC19,37
MIC19,136,MIC19,142
MIC19,136,MIC19,130
MIC19,136,MIC19,157
MIC19,86,MIC19,77
MIC19,86,MIC19,136
MIC19,86,MIC19,45
MIC19,225,MIC19,189
MIC19,151,MIC19,169
MIC19,151,MIC19,142
MIC19,121,MIC19,136
MIC19,121,MIC19,136
MIC19,77,MIC19,45
MIC19,77,MIC19,45
MIC19,77,MIC19,63
MIC19,136,MIC19,142
MIC19,136,MIC19,130
MIC19,136,MIC19,157
MIC19,86,MIC19,77
MIC19,86,MIC19,136
MIC19,86,MIC19,45
MIC19,86,MIC19,76
MIC19,86,MIC19,76
MIC19,130,MIC19,136
MIC19,225,MIC19,189
MIC19,86,MIC19,77
MIC19,86,MIC19,76
MIC19,86,MIC19,77
